Title,item_type,publication_year,author,study_city,city_size,study_country,Continent,world_region,spatial_scale,type_of_analysis,disciplinary_focus,component,paradigm,affi_country,nat_disaster,pollution,theme,approximation,study_model,Country.or.Area,Year,Value,habitat,coastal_environment,SubArea,study_model_subject
Integrating demographic and meteorological data in urban ecology: a case study of container-breeding mosquitoes in temperate Argentina,journalArticle,2014,"Victoria Cardo, Maria; Vezzani, Dario; Rubio, Alejandra & Carbajo, Anibal E.",buenos aires,14966530,Argentina,America,Latin America,c+,qt,e,b,in,Argentina,Not registered,Not registered,Habitat use,Spatial,Invertebrates,Argentina,2016,13879707,Coastal city,Near-shore terrestrial,Urban,Bio-species
Some examples of water recycling in Australian urban environments: a step towards environmental sustainability,Proceedings Paper,2003,"Gardner, EA",adelaide,1320323,Australia,Australia,Rest of the world,c,ql,se,ah,of,Australia,Not registered,Not registered,Human adaptation,Spatial,Water resource,Australia,2016,1305811,Coastal city,Near-shore terrestrial,Urban,Physical
"Changes in species assemblages within the Adelaide Metropolitan Area, Australia, 1836-2002",journalArticle,2005,"Tait, C. J.; Daniels, C. B. & Hill, R. S.",adelaide,1320323,Australia,Australia,Rest of the world,c,qt,e,b,in,Australia,Not registered,Not registered,Habitat use,Temporal,Diversity,Australia,2016,1165632,Coastal city,Near-shore terrestrial,Urban,Bio-ecosystem
"Practical precautions, reasonable responses: How South Australia's planning regime adapts to the coastal impacts of climate change",journalArticle,2015,"Watson, John",adelaide,1320323,Australia,Australia,Rest of the world,c+,o,sp,ah,for,Australia,Storm surge,Not registered,City design,Spatial,Sustainable development,Australia,2016,1165632,Coastal city,Near-shore terrestrial,Urban,Social
An investigation of nucleation events in a coastal urban environment in the Southern Hemisphere,journalArticle,2009,"Mejia, J. F.; Morawska, L.",brisbane,2338120,Australia,Australia,Rest of the world,c+,qt,e,a,in,Australia,Not registered,Atmospheric,Pollution and human impacts,Temporal,Aerosol,Australia,2016,2280290,Coastal atmosphere,Coastal atmosphere,NA,Physical
Differentiating between particle formation and growth events in an urban environment,journalArticle,2018,"Pushpawela, Buddhi<U+00A0>;<U+00A0>Jayaratne, Rohan;<U+00A0>Morawska, Lidia",brisbane,2338120,Australia,Australia,Rest of the world,c,qt,e,a,in,Australia,Not registered,Atmospheric,Pollution and human impacts,Spatio-temporal,Aerosol,Australia,2016,2280290,Coastal atmosphere,Coastal atmosphere,NA,Physical
"Extreme sea-level rise and adaptation options for coastal resort cities: A qualitative assessment from the Gold Coast, Australia",journalArticle,2012,"Cooper, J. A. G.; Lemckert, C.",brisbane,2338120,Australia,Australia,Rest of the world,c+,qt,ep,ah,for,UK,Not registered,Not registered,Human adaptation,Spatial,Seawater,Australia,2016,2054614,Shore,Intertidal,NA,Physical
"Patterns, Drivers and Implications of Demographic Change in Rural Landscapes",Book Chapter,2010,"Race, Digby; Luck, Gary W.; Black, Rosemary",many,NA,Australia,Australia,Rest of the world,c+,ql,se,h,of,Australia,Not registered,Not registered,Demographic change,Spatio-temporal,Demographic,Australia,NA,NA,Coastal town,Near-shore terrestrial,Rural,Social
"Home range, habitat use and movements by the little raven (Corvus mellori) in a coastal peri-urban landscape",journalArticle,2015,"Whisson, Desley A.; Weston, Michael A.; Shannon, Kelly",melbourne,4770894,Australia,Australia,Rest of the world,c,qt,e,b,in,Australia,Not registered,Not registered,Habitat use,Spatial,Birds,Australia,2016,4557182,Coastal peri-urban,Near-shore terrestrial,Urban,Bio-species
Optical microscopy as a new approach for characterising dust particulates in urban environment,journalArticle,2018,"Koval, Silvie;<U+00A0>Krahenbuhl, Gregoire;<U+00A0>Warren, Karryn; O'Brien, Graham",newcastle,444688,Australia,Australia,Rest of the world,c,qt,e,a,in,Australia,Not registered,Atmospheric,Pollution and human impacts,Spatial,Pollutants,Australia,2016,322278,Coastal atmosphere,Coastal atmosphere,NA,Physical
Monitoring land surface and cover in urban and peri-urban environments using digital aerial photography,journalArticle,2016,"Caccetta, Peter; Collings, Simon; Devereux, Andrew; Hingee, Kassell; McFarlane, Don; Traylen, Anthony; Wu, Xiaoliang; Zhou, Zheng-Shu",perth,1990745,Australia,Australia,Rest of the world,c+,m,se,a,of,Australia,Not registered,Not registered,Habitat use,Spatial,Remote sensing,Australia,2016,1984907,Coastal city,Near-shore terrestrial,Urban,Physical
Review of the ecology of Australian urban fauna: A focus on spatially explicit processes,Review,2006,"Garden, J; McAlpine, C; Peterson, A; Jones, D; Possingham, HP",review,NA,Australia,Australia,Rest of the world,c+,ql,e,b,in,Australia,Not registered,Not registered,Habitat use,Spatio-temporal,Diversity,Australia,NA,NA,Coastal city,Near-shore terrestrial,Urban,Bio-ecosystem
The pest status of Australian white ibis (Threskiornis molucca) in urban situations and the effectiveness of egg-oil in reproductive control,journalArticle,2007,"Martin, John M.; French, Kris; Major, Richard E.",sydney,4792281,Australia,Australia,Rest of the world,c-,qt,e,b,in,Australia,Not registered,Not registered,Habitat use,Temporal,Birds,Australia,2016,4643795,Coastal city,Near-shore terrestrial,Urban,Bio-species
Why do floating structures create novel habitats for subtidal epibiota?,journalArticle,2002,"Holloway, MG; Connell, SD",sydney,4792281,Australia,Australia,Rest of the world,c-,qt,e,b,in,Australia,Not registered,Not registered,Habitat use,Spatial,Marine structures,Australia,2016,4321535,Benthos,Coastal benthic,NA,Soc-eco-tecnological
Seasonal population dynamics of the Australian White Ibis (Threskiornis molucca) in urban environments,journalArticle,2010,"Smith, Andrew C. M.; Munro, Ursula",sydney,4792281,Australia,Australia,Rest of the world,c-,qt,e,b,in,Australia,Not registered,Not registered,Habitat use,Spatio-temporal,Birds,Australia,2016,4321535,Coastal city,Near-shore terrestrial,Urban,Bio-species
Importance of matrix permeability and quantity of core habitat for persistence of a threatened saltmarsh bird,journalArticle,2013,"Ashcroft, Michael B.; Major, Richard E.",sydney,4792281,Australia,Australia,Rest of the world,c+,qt,e,b,in,Australia,Not registered,Not registered,Habitat use,Spatial,Birds,Australia,2016,4321535,Saltmarch,Intertidal,NA,Bio-species
Coastal urban lighting has ecological consequences for multiple trophic levels under the sea,journalArticle,2017,"Bolton, D.; Mayer-Pinto, M.; Clark, G. F.; Dafforn, K. A.; Brassil, W. A.; Becker, A.; Johnston, E. L.",sydney,4792281,Australia,Australia,Rest of the world,c-,qt,e,b,in,Australia,Not registered,Light,Pollution and human impacts,Spatial,Fishes,Australia,2016,4321535,Benthos,Coastal benthic,NA,Bio-species
"The relationship between metal concentrations in seagrass (Zostera capricorni) tissue and ambient fine sediment in modified and near-pristine estuaries (Sydney estuaries, Australia)",journalArticle,2018,"Birch, G. F.<U+00A0>;<U+00A0>Cox, B. M.<U+00A0>;<U+00A0>Besley, C. H.",sydney,4792281,Australia,Australia,Rest of the world,c-,qt,e,a,in,Australia,Not registered,Land,Pollution and human impacts,Spatial,Pollutants,Australia,2016,4643795,Estuaries,Coastal benthic,NA,Physical
A Qualitative Study of Environmental Factors Important for Physical Activity in Rural Adults,journalArticle,2015,"Cleland, Verity; Hughes, Clarissa; Thornton, Lukar; Venn, Alison; Squibb, Kathryn; Ball, Kylie",tasmania,516600,Australia,Australia,Rest of the world,c+,ql,se,ah,of,Australia,Not registered,Not registered,Human adaptation,Spatial,Human activities and cultural heritage,Australia,NA,NA,Coastal town,Near-shore terrestrial,Rural,Social
Characteristics of airborne particle number size distributions in a coastal-urban environment,journalArticle,2018,"Dominick, Doreena;<U+00A0>Wilson, Stephen R. ;<U+00A0>Paton-Walsh, Clare; Humphries, Ruhi;<U+00A0>Guerette, Elise-Andree<U+00A0>;<U+00A0>Keywood, Melita<U+00A0>;<U+00A0>Kubistin, Dagmar<U+00A0>;<U+00A0>Marwick, Ben",wollongong,292190,Australia,Australia,Rest of the world,c,qt,e,a,in,Australia,Not registered,Atmospheric,Pollution and human impacts,Temporal,Pollutants,Australia,2016,261896,Coastal atmosphere,Coastal atmosphere,NA,Physical
Characterisation of atmospheric deposited particles during a dust storm in urban areas of Eastern Australia,journalArticle,2013,"Gunawardena, Janaka; Ziyath, Abdul M.; Bostrom, Thor E.; Bekessy, Lambert K.; Ayoko, Godwin A.; Egodawatta, Prasanna & Goonetilleke, Ashantha",many,NA,Australia,Australia,Rest of the world,c+,qt,e,a,in,Australia,Dust storm,Not registered,Pollution and human impacts,Spatial,Pollutants,Australia,NA,NA,Coastal city,Near-shore terrestrial,Urban,Physical
Seasonal dynamics of a drosophilid (Diptera) assemblage and its potencial as bioindicator in open environments,journalArticle,2010,"Bizzo, Luis; Gottschalk, Marco S.; De Toni, Daniela C. & Hofmann, Paulo R. P.",florianopolis,477798,Brazil,America,Latin America,c-,qt,e,ab,in,Brazil,Not registered,Not registered,Habitat use,Spatio-temporal,Invertebrates,NA,NA,NA,Coastal vegetation,Near-shore terrestrial,Urban,Bio-species
City Statute and Master Plan: urban environmental instruments for the development of sustainable cities with area at Coastal Zone,journalArticle,2017,"Garcez, Gabriela Soldano; Braga Carmello, Mariana Vicente",many,NA,Brazil,America,Latin America,c,ql,se,h,for,Brazil,Not registered,Not registered,City design,Spatial,Sustainable development,Brazil,NA,NA,Coastal city,Near-shore terrestrial,Urban,Social
"Loss of vegetation cover in a tropical island of the Amazon coastal zone (Maranhao Island, Brazil)",journalArticle,2018,"Lima Rego, Joherbeth Carlos; Soares-Gomes, Abilio; da Silva, Fabricio Sousa",many,NA,Brazil,America,Latin America,c+,qt,e,h,in,Brazil,Not registered,Not registered,Pollution and human impacts,Temporal,Plants,Brazil,NA,NA,Coastal city,Near-shore terrestrial,Urban,Bio-species
The contribution of heavy metal pollution derived from highway runoff to Guanabara Bay sediments - Rio-de-Janeiro/Brazil,journalArticle,2007,"Pereira, Edisio; Baptista-Neto, Jose A.; Smith, Bernard J.; McAllister, John J.",rio de janeiro,13293172,Brazil,America,Latin America,c-,qt,e,a,in,Brazil,Not registered,Marine,Pollution and human impacts,Spatial,Pollutants,Brazil,2010,6320446,Shore,Intertidal,NA,Physical
"Araca: biodiversity, impacts and threats",journalArticle,2010,"Zacagnini Amaral, Antonia Cecilia; Migotto, Alvaro Eseves; Turra, Alexander; Schaeffer-Novelli, Yara",san sebastian,NA,Brazil,America,Latin America,c-,ql,e,bh,in,Brazil,Not registered,Not registered,Pollution and human impacts,Spatial,Diversity,Brazil,NA,NA,Coastline,Near-shore terrestrial,Coastal region,Bio-ecosystem
International Year of Planet Earth 9. Geology in the Urban Environment in Canada,journalArticle,2010,"Karrow, P. F. & Clague, John J.",many,NA,Canada,America,Canada,c+,ql,se,ab,for,Canada,Not registered,Not registered,Human adaptation,Spatio-temporal,Environmental management,Canada,NA,NA,Coastal city,Near-shore terrestrial,Urban,Bio-ecosystem
Bioclimatic comfort and the thermal perceptions and preferences of beach tourists,journalArticle,2015,"Rutty, Michelle; Scott, Daniel",many,NA,Caribe,America,Latin America,c-,qt,se,ah,of,Canada,Not registered,Thermal,Human adaptation,Spatial,Bioclimatic comfort,Caribe,NA,NA,Shore,Near-shore terrestrial,Beach,Social
"Resilience thinking and urban planning in a coastal environment at risks of tsunamis: the case study of Mehuin, Chile",journalArticle,2016,"Villagra, Paula; Herrmann, Geraldine; Quintana, Carolina; Sepulveda, Roger D.",mehuin,1135,Chile,America,Latin America,c-,ql,sp,ah,for,Chile,Tsunami,Not registered,Human adaptation,Spatial,Risk measurment,Chile,NA,NA,Coastal city,Near-shore terrestrial,Urban,Physical
"Neoliberalism and socio-spatial transformations in urban coves of the Metropolitan Area of Concepcion. The cases of Caleta Los Bagres and Caleta Cocholgue, Tome",journalArticle,2018,"Guerrero Valdebenito, Rosa Maria;<U+00A0>Alarcon Rodriguez, Mabel Loreto",tome,53219,Chile,America,Latin America,c-,ql,sp,h,for,Chile,Not registered,Not registered,Human adaptation,Temporal,Human activities and cultural heritage,Chile,NA,NA,Coastal town,Near-shore terrestrial,Rural,Social
Study on Thermal Environmental Distribution in Coastal City Using ASTER Data,conferencePaper,2009,"Cui, Hua; Yuan, Lu",beihai,1539300,China,Asia,China,c,qt,e,a,in,China,Not registered,Thermal,Pollution and human impacts,Spatial,Remote sensing,China,2000,558635,Coastal city,Near-shore terrestrial,Urban,Physical
"District cooling and heating with seawater as heat source and sink in Dalian, China",journalArticle,2007,"Zhen, Li; Duanmu, Lin; Shu, H. W.; Jiang, Shuang; Zhu, Y. X.",dalian,6690432,China,Asia,China,c,qt,e,a,in,China,Not registered,Not registered,Human adaptation,Experimental,Seawater,China,2000,3245191,Sea water,Coastal pelagic,NA,Physical
"Comparing the Environmental Effects of Terrestrial and Offshore Airports: The Case of Dalian City, China",Proceedings Paper,2018,"Fu, Qiang;<U+00A0>Wang, Nuo;<U+00A0>Lin, Wan-Ni<U+00A0>;<U+00A0>Wu, Nuan",dalian,6690432,China,Asia,China,c-,qt,ep,h,for,China,Not registered,Sound,Shoreline changes,Spatial,Marine structures,China,NA,NA,Coastal city,Near-shore terrestrial,Urban,Soc-eco-tecnological
Quantifying urban ecological governance: A suite of indices characterizes the ecological planning implications of rapid coastal urbanization,journalArticle,2017,"Li, Yangfan; Qiu, Jianhui; Zhao, Bo; Pavao-Zuckerman, Mitchell; Bruns, Antje; Qureshi, Salman; Zhang, Chen; Li, Yi",lianyungang,4393914,China,Asia,China,c,qt,ep,h,for,China,Not registered,Not registered,City design,Temporal,Environmental management,China,2000,687242,Coastal city,Near-shore terrestrial,Urban,Bio-ecosystem
On the relationship between landscape ecological patterns and water quality across gradient zones of rapid urbanization in coastal China,journalArticle,2015,"Li, Yi; Li, Yangfan; Qureshi, Salman; Kappas, Martin; Hubacek, Klaus",lianyungang,4393914,China,Asia,China,c-,qt,e,a,in,Germany,Not registered,Marine,Pollution and human impacts,Spatio-temporal,Water resource,China,2000,687242,Urban watershed,Near-shore terrestrial,NA,Physical
Habitat Features Rather Than Competition Explain the Distribution and Co-occurrence of Ardeidae in a Highly Urbanized Landscape,journalArticle,2018,"Zhang, Min<U+00A0>;<U+00A0>Hong, Yong-Mi<U+00A0>;<U+00A0>Castley, J. Guy<U+00A0>;<U+00A0>Zou, Fa-Sheng<U+00A0>;<U+00A0>Zhang, Qiang<U+00A0>;Fan, Hong-Min<U+00A0>;<U+00A0>Sot-Chan<U+00A0>;<U+00A0>Leong, Kun-Fong",macao,NA,China,Asia,China,c+,qt,e,h,in,China,Not registered,Not registered,Habitat use,Spatial,Birds,China,2016,650834,Wetlands,Near-shore terrestrial,Wetland,Bio-species
"Frequency Analysis for Predicting Extreme Precipitation in Changxing Station of Taihu Basin, China",journalArticle,2014,"Zhou, Zhengzheng; Liu, Shuguang; Hua, Hong; Chen, Chang-Shian; Zhong, Guihui; Lin, Hejuan & Huang, Chien-Wei",many,NA,China,Asia,China,c+,qt,e,ah,in,China,Flooding,Not registered,Natural disaster,Spatial,Risk measurment,China,NA,NA,Urban watershed,Intertidal,NA,Physical
Eco-cities in China: Pearls in the Sea of Degrading Urban Environments?,Book Chapter,2011,"Wong, Tai-Chee",many,NA,China,Asia,China,c,qt,se,h,for,Singapore,Not registered,Atmospheric,Human adaptation,Spatio-temporal,Eco-cities,China,NA,NA,Coastal city,Near-shore terrestrial,Urban,Soc-eco-tecnological
Modeling of urban wind ventilation using high resolution airborne LiDAR data,journalArticle,2017,"Peng, Fen; Wong, Man Sing; Wan, Yiliang; Nichol, Janet E.",mongkok,NA,hong kong s.a.r.,Asia,China,c-,qt,e,ah,in,China,Not registered,Not registered,Pollution and human impacts,Spatial,Remote sensing,China,NA,NA,Coastal city,Near-shore terrestrial,Urban,Physical
"Multi-Source Characteristics of Atmospheric Deposition in Nanjing, China, as Controlled by East Asia Monsoons and Urban Activities",journalArticle,2016,"Shanquan, Li; Ganlin, Zhang; Jinling, Yang; Nan, Jia",nanjing,7165292,China,Asia,China,c,qt,e,a,in,China,Monsoon,Atmospheric,Pollution and human impacts,Spatio-temporal,Aerosol,China,2000,3624234,Coastal atmosphere,Coastal atmosphere,NA,Physical
Integrating climate change factors into China's development policy: Adaptation strategies and mitigation to environmental change,journalArticle,2011,"Li, Yangfan; Yang, Xiao; Zhu, Xiaodong; Mulvihill, Peter R.; Matthews, H. Damon; Sun, Xiang",review,NA,China,Asia,China,c+,ql,ep,h,for,China,Not registered,Not registered,Human adaptation,Spatio-temporal,Sustainable cities,China,NA,NA,Coastal city,Near-shore terrestrial,Urban,Soc-eco-tecnological
"Change in Environmental Benefits of Urban Land Use and Its Drivers in Chinese Cities, 2000-2010",journalArticle,2016,"Song, Xiaoqing; Chang, Kang-tsung; Yang, Liang; Scheffran, Juergen",review,NA,China,Asia,China,c+,m,se,h,of,China,Not registered,Not registered,Habitat use,Spatio-temporal,Sustainable cities,China,NA,NA,Coastal city,Near-shore terrestrial,Urban,Soc-eco-tecnological
Study of the Coastal City's Sustainable Development between Regional Oceanic Economy and Ecological Environment,Proceedings Paper,2008,"Dexiang, Feng; Danli, Xi",rizhao,2801100,China,Asia,China,c,qt,se,ah,of,China,Not registered,Not registered,Human adaptation,Temporal,Sustainable cities,China,2000,1148190,Ocean,Coastal pelagic,NA,Soc-eco-tecnological
Original design and ecological recreation: a comparative analysis of wetland parks in the Yangtse River Delta area,Proceedings Paper,2016,"Lin, Zhang; Yi-Ping, Xia; Qiong, Wu; Lin-Fang, She; Han, Li; Ting-Li, Ruan",shanghai,25582138,China,Asia,China,c+,o,e,ab,in,China,Not registered,Not registered,Human adaptation,Spatial,Green infrastructure,China,2010,23019196,Wetlands,Intertidal,NA,Soc-eco-tecnological
"Urban landscape extraction and analysis in the mega-city of China's coastal regions using high-resolution satellite imagery: A case of Shanghai, China",journalArticle,2018,"Li, Zhi; Zhou, Chenghu;<U+00A0>Yang, Xiaomei;<U+00A0>Chen, Xi;<U+00A0>Meng, Fa;<U+00A0>Lu, Chen;<U+00A0>Pan, Tao;<U+00A0>Qi, Wenjuan",shanghai,25582138,China,Asia,China,c,qt,e,h,in,China,Not registered,Not registered,City design,Spatial,Remote sensing,China,2010,23019196,Coastal city,Near-shore terrestrial,Urban,Physical
"Urban environmental management in Shanghai: Achievements, problems, and prospects",journalArticle,2006,"Tu, W. & Shi, C.",shanghai,25582138,China,Asia,China,c,ql,ep,h,for,USA,More than one,Not registered,Human adaptation,Temporal,Environmental management,China,2010,23019196,Coastal city,Near-shore terrestrial,Urban,Bio-ecosystem
"Over one hundred years of trace metal fluxes in the sediments of the Pearl River Estuary, South China",journalArticle,2004,"Ip, CCM; Li, XD; Zhang, G; Farmer, JG; Wai, OWH; Li, YS",shenzhen,11907836,China,Asia,China,c+,qt,e,a,in,China,Not registered,Marine,Pollution and human impacts,Spatio-temporal,Pollutants,China,2000,7008831,Estuaries,Intertidal,NA,Physical
"Trace metal distribution in sediments of the Pearl River Estuary and the surrounding coastal area, South China",journalArticle,2007,"Ip, Carman C. M.; Li, Xiang-Dong; Zhang, Gan; Wai, Onyx W. H.; Li, Yok-Sheung",shenzhen,11907836,China,Asia,China,c+,qt,e,a,in,China,Not registered,Marine,Pollution and human impacts,Spatial,Pollutants,China,2000,7008831,Estuaries,Intertidal,NA,Physical
5-Year study of rainwater chemistry in a coastal mega-city in South China,journalArticle,2010,"Huang, Xiao-Feng; Li, Xiang; He, Ling-Yan; Feng, Ning; Hu, Min; Niu, Yu-Wen; Zeng, Li-Wu",shenzhen,11907836,China,Asia,China,c,qt,e,a,in,China,Not registered,Atmospheric,Pollution and human impacts,Temporal,Pollutants,China,2000,7008831,Coastal city,Near-shore terrestrial,Urban,Physical
The Coordinated Development Degree Between Urban Tourism and Ecological Environment of Main Coastal Cities Around Bohai Sea,Proceedings Paper,2011,"Chen, Huili; Li, Hongbo",tianjin,13214790,China,Asia,China,c,ql,se,a,in,China,Not registered,Not registered,Human adaptation,Spatial,Environmental management,China,2000,7499181,Coastline,Near-shore terrestrial,Coastal region,Bio-ecosystem
Sustainable In-Situ Water Resource Management Strategies in Water Scarce Urban Environment,Proceedings Paper,2011,"Chengyao, Peng; Shuying, Wang; Jie, Zhang; Chong, Lim Chin; Kah, Ooi Lin",tianjin,11090314,China,Asia,China,c-,ql,ep,ah,for,China,Not registered,Not registered,City design,Spatial,Water resource,China,2000,7499181,Coastal city,Near-shore terrestrial,Urban,Physical
Urbanisation effects on summer habitat comfort: a case study of three coastal cities in southeast China,journalArticle,2010,"Ye, Hong; Wang, Kai; Huang, Shaopeng; Chen, Feng; Xiong, Yongzhu; Zhao, Xiaofeng",xiamen,3531347,China,Asia,China,c,qt,se,ah,of,China,Not registered,Thermal,Pollution and human impacts,Spatio-temporal,Bioclimatic comfort,China,2000,2053070,Coastal city,Near-shore terrestrial,Urban,Social
Does avian flight initiation distance indicate tolerance towards urban disturbance?,journalArticle,2012,"Lin, Tao; Coppack, Timothy; Lin, Qing-xian; Kulemeyer, Christoph; Schmidt, Andreas; Behm, Holger; Luo, Tao",xiamen,3531347,China,Asia,China,c,qt,e,b,in,China,Not registered,Not registered,Habitat use,Spatial,Birds,China,2000,2053070,Coastal city,Near-shore terrestrial,Urban,Bio-species
SUSTAINABLE PLANNING FOR POOR COMMUNITIES: URBAN DESIGN STUDIOS AS A CATALYST FOR DEVELOPMENT IN COLOMBIA,Book Chapter,2008,"Pizarro, Rafael E.",cartagena,952024,Colombia,America,Latin America,c+,ql,sp,h,for,Emirates,Not registered,Not registered,City design,Spatial,Sustainable cities,Spain,2016,214468,Coastal town,Near-shore terrestrial,Rural,Soc-eco-tecnological
ANTIBODIES TO SPOTTED-FEVER GROUP RICKETTSIAE IN DOGS IN CROATIA,journalArticle,1995,Punda-Polic,zagreb,685587,Croatia,Europe,Eastern Europe,c,qt,e,b,in,Croatia,Not registered,Not registered,Habitat use,Spatial,Public health,Croatia,2011,790017,Coastal city,Near-shore terrestrial,Urban,Social
Assessing the urban water balance: the Urban Water Flow Model and its application in Cyprus,journalArticle,2012,"Charalambous, Katerina; Bruggeman, Adriana; Lange, Manfred A.",limassol,154000,Cyprus,Asia,Middle East and North Africa,c,qt,se,ah,of,Cyprus,Not registered,Not registered,Human adaptation,Experimental,Water resource,NA,NA,NA,Urban watershed,Intertidal,NA,Physical
Air Conditioning the Arabian Peninsula,Editorial Material,2018,"Gunel, Gokce",many,NA,Emirates,Asia,Middle East and North Africa,c,ql,se,a,of,USA,Not registered,Thermal,Human adaptation,Temporal,Bioclimatic comfort,NA,NA,NA,Antropogenic construction,Near-shore terrestrial,Urban,Social
Habitat formation prevails over predation in influencing fouling communities,journalArticle,2018,"Leclerc, Jean-Charles<U+00A0>;<U+00A0>Viard, Frederique",brittany,NA,France,Europe,Western Europe,c-,qt,e,b,in,France,Not registered,Not registered,Habitat use,Temporal experiment,Invertebrates,NA,NA,NA,Marine anthropogenic constructions,Intertidal,NA,Bio-species
Evaluation of urban planning strategies with a versatile urban growth model,Proceedings Paper,2010,"Vye, D. & Rousseaux, F.",la rochelle,80014,France,Europe,Western Europe,c,qt,ep,h,for,France,Not registered,Not registered,City design,Spatial,Sustainable cities,France,NA,NA,Coastal city,Near-shore terrestrial,Urban,Soc-eco-tecnological
Complementary methods to plan pedestrian evacuation of the French Riviera's beaches in case of tsunami threat: graph- and multi-agent-based modelling,journalArticle,2013,"Sahal, A.; Leone, F.; Peroche, M.",mandelieu,NA,France,Europe,Western Europe,c,m,se,ah,of,France,Tsunami,Not registered,Human adaptation,Temporal,Risk measurment,France,NA,NA,Shore,Near-shore terrestrial,Beach,Physical
Preservation of a positive sense of self in an at risk area,journalArticle,2018,"Krien, N<U+00A0><U+00A0>;<U+00A0>Guillou, E<U+00A0>",penestin,NA,France,Europe,Western Europe,c+,ql,se,h,of,France,Flooding,Not registered,Human adaptation,Spatial,Risk measurment,France,NA,NA,Risky areas in coastal cities,Near-shore terrestrial,Urban,Physical
The CELRL and climate changes: Urban and environmental protection and Restoration of French coasts,Proceedings Paper,2008,"Stamatiou, Eleni; Lacroix, Richard-N.",review,NA,France,Europe,Western Europe,c+,qt,se,ah,of,Greece,Not registered,Not registered,Human adaptation,Spatio-temporal,Marine structures,France,NA,NA,Coastline,Near-shore terrestrial,Coastal region,Soc-eco-tecnological
Perspectives for Hamburg as a port city in the context of a changing global environment,journalArticle,2008,"Grossmann, Iris",hambourg,1822445,Germany,Europe,Western Europe,c-,qt,se,ah,of,Germany,Not registered,Not registered,Human adaptation,Spatio-temporal,Marine structures,Germany,NA,NA,Shore,Intertidal,NA,Soc-eco-tecnological
"Levels and sources of polycyclic aromatic hydrocarbons (PAHs) in selected irrigated urban agricultural soils in Accra, Ghana",journalArticle,2013,"Tay, Collins K. & Biney, Charles A.",accra,2439389,Ghana,Africa,Sub-Saharan Africa,c,qt,se,ah,of,Ghana,Not registered,Land,Pollution and human impacts,Spatial,Pollutants,Ghana,2010,1594419,Urban agricultural soil,Near-shore terrestrial,Urban,Physical
"Chemical composition and sources of particle pollution in affluent and poor neighborhoods of Accra, Ghana",journalArticle,2013,"Zhou, Zheng; Dionisio, Kathie L.; Verissimo, Thiago G.; Kerr, Americo S.; Coull, Brent; Arku, Raphael E.; Koutrakis, Petros; Spengler, John D.; Hughes, Allison F.; Vallarino, Jose; Agyei-Mensah, Samuel; Ezzati, Majid",accra,2439389,Ghana,Africa,Sub-Saharan Africa,c,qt,e,a,in,USA,Not registered,Atmospheric,Pollution and human impacts,Spatial,Pollutants,Ghana,2010,1594419,Coastal atmosphere,Coastal atmosphere,NA,Physical
"Multi-year chemical composition of the fine-aerosol fraction in Athens, Greece, with emphasis on the contribution of residential heating in wintertime",journalArticle,2018,"Theodosi, Christina;<U+00A0>Tsagkaraki, Maria;<U+00A0>Zarmpas, Pavlos;<U+00A0>Grivas, Georgios;<U+00A0>Liakakou, Eleni<U+00A0>;<U+00A0>Paraskevopoulou, Despina;<U+00A0>Lianou, Maria;<U+00A0>Gerasopoulos, Evangelos;<U+00A0>Mihalopoulos, Nikolaos",athens,3155600,Greece,Europe,Western Europe,c,qt,e,a,in,Greece,Not registered,Atmospheric,Pollution and human impacts,Temporal,Pollutants,Greece,NA,NA,Coastal atmosphere,Coastal atmosphere,NA,Physical
Seasonal patterns of urban bird diversity in a Mediterranean coastal city: the positive role of open green spaces,journalArticle,2018,"Tzortzakaki, Olga<U+00A0>;<U+00A0>Kati, Vassiliki<U+00A0>;<U+00A0>Kassara, Christina<U+00A0>;<U+00A0>Tietze, Dieter Thomas<U+00A0>;<U+00A0>Giokas, Sinos",patra,168034,Greece,Europe,western Europe,c,qt,e,ah,in,Greece,Not registered,Not registered,Habitat use,Spatio-temporal,Birds,NA,NA,NA,Coastal city,Near-shore terrestrial,Urban,Bio-species
Mapping micro-urban heat islands using NOAA/AVHRR images and CORINE Land Cover: an application to coastal cities of Greece,journalArticle,2004,"Stathopoulou, M; Cartalis, C; Keramitsoglou, I",thessaloniki,810791,Greece,Europe,Western Europe,c,qt,e,a,in,Greece,Not registered,Thermal,Pollution and human impacts,Spatio-temporal,Remote sensing,Greece,2011,315196,Coastal city,Near-shore terrestrial,Urban,Physical
Daytime urban heat islands from Landsat ETM+ and Corine land cover data: An application to major cities in Greece,journalArticle,2007,"Stathopoulou, Marina; Cartalis, Constantinos",thessaloniki,810791,Greece,Europe,Western Europe,c,m,e,a,in,Greece,Not registered,Not registered,Pollution and human impacts,Spatio-temporal,Remote sensing,Greece,2011,315196,Coastal city,Near-shore terrestrial,Urban,Physical
Simulation of schoolyard's microclimate and human thermal comfort under Mediterranean climate conditions: effects of trees and green structures,journalArticle,2018,"Antoniadis, D<U+00A0>;<U+00A0>Katsoulas, N<U+00A0>;<U+00A0>Kittas, C",volos,86048,Greece,Europe,Western Europe,c-,qt,se,a,of,Greece,Not registered,Thermal,Pollution and human impacts,Spatial,Bioclimatic comfort,Greece,NA,NA,Coastal Suburbs,Near-shore terrestrial,Urban,Social
"GIS-based assessment of urban environmental quality in Port-au-Prince, Haiti",journalArticle,2014,"Joseph, Myrtho; Wang, Fahui & Wang, Lei",port-au-prince,98731,Haiti,America,Latin America,c,qt,se,bh,of,USA,More than one,Marine,Human adaptation,Spatial,Remote sensing,Haiti,NA,NA,Coastal city,Near-shore terrestrial,Urban,Physical
Fluctuation of groundwater in an urban coastal city of India: a GIS-based approach,journalArticle,2011,"Vijay, Ritesh; Sharma, Abhinav; Ramya, S. S.; Gupta, Apurba",puri,201026,India,Asia,India,c,qt,e,a,in,India,Monsoon,Not registered,Pollution and human impacts,Spatio-temporal,Remote sensing,India,2011,200564,Urban watershed,Intertidal,NA,Physical
Evaluation of coarse and fine particles in diverse Indian environments,journalArticle,2017,"George, K. V.; Patil, Dinakar D.; Anil, Mulukutla N. V.; Kamal, Neel; Alappat, Babu J.; Kumar, Prashant",review,NA,India,Asia,India,c,qt,e,a,in,India,Not registered,Atmospheric,Pollution and human impacts,Spatial,Pollutants,India,NA,NA,Coastal atmosphere,Coastal atmosphere,NA,Physical
"`Eco-city' to `disaster-resilient eco-community': a concerted approach in the coastal city of Puri, India",journalArticle,2008,"Surjan, Akhilesh Kumar & Shaw, Rajib",review,NA,India,Asia,India,c,ql,se,bh,for,Japan,Not registered,Not registered,Human adaptation,Temporal,Eco-cities,India,NA,NA,Coastal city,Near-shore terrestrial,Urban,Soc-eco-tecnological
Green city Banda Aceh: city planning approach and environmental aspects,Proceedings Paper,2017,"Arif, A. A.",banda aceh,NA,Indonesia,Asia,Rest of Asia,c,ql,ep,bh,for,Indonesia,Tsunami,Not registered,City design,Spatial,Sustainable cities,Indonesia,2010,223446,Coastal city,Near-shore terrestrial,Urban,Soc-eco-tecnological
"Seagrass ecosystems reduce exposure to bacterial pathogens of humans, fishes, and invertebrates",journalArticle,2017,"Lamb, Joleah B.; van de Water, Jeroen A. J. M.; Bourne, David G.; Altier, Craig; Hein, Margaux Y.; Fiorenza, Evan A.; Abu, Nur; Jompa, Jamaluddin; Harvell, C. Drew",review,NA,Indonesia,Asia,Rest of Asia,c,qt,e,bh,in,USA,Not registered,Biological,Human adaptation,Spatial,Plants,NA,NA,NA,Seagrass meadows,Coastal benthic,NA,Bio-species
Seasonal and spatial distribution of metals in surface sediment of an urban estuary,journalArticle,2008,"Buggy, Conor J.; Tobin, John M.",dublin,1201426,Ireland,Europe,Western Europe,c-,qt,e,a,in,Irland,Not registered,Marine,Pollution and human impacts,Spatio-temporal,Pollutants,Ireland,2016,544107,Estuaries,Intertidal,NA,Physical
Challenges and Benefits in the Design of Coastal Walking and Cycling Amenities: Toward a More Integrated Coastal Management Approach,journalArticle,2015,"Farrell, Myles; Cooper, Andrew; Yates, Katherine",dublin,1201426,Ireland,Europe,Western Europe,c-,ql,ep,ah,for,UK,Not registered,Not registered,Shoreline changes,Spatial,Green infrastructure,Ireland,2016,544107,Coastal city,Near-shore terrestrial,Urban,Soc-eco-tecnological
Early urban impact on Mediterranean coastal environments,journalArticle,2013,"Kaniewski, David; Van Campo, Elise; Morhange, Christophe; Guiot, Joel; Zviely, Dov; Shaked, Idan; Otto, Thierry; Artzy, Michal",akko,NA,Israel,Asia,Middle East and North Africa,c-,qt,e,b,in,France,Not registered,Not registered,Human adaptation,Temporal,Ecological processes & patterns,Israel,NA,NA,Coastal city,Near-shore terrestrial,Urban,Bio-ecosystem
IMPACTS OF LAND USE ON QUANTITY AND QUALITY OF URBAN RUNOFF (HERZLIYA AND RA'ANANA CASE STUDY),Proceedings Paper,2010,"Garzuzi, J.; Goldshleger, N.; Ben-Dor, E.; Asaf, L.; Ben-Yamin, R.",herzliya,NA,Israel,Asia,Middle East and North Africa,c,qt,ep,ah,for,Israel,Not registered,Not registered,Habitat use,Spatial,Remote sensing,Israel,NA,NA,Coastal city,Near-shore terrestrial,Urban,Physical
Human thermal perception of Coastal Mediterranean outdoor urban environments,Review,2013,"Cohen, Pninit; Potchter, Oded; Matzarakis, Andreas",tel aviv,4010977,Israel,Asia,Middle East and North Africa,c,qt,se,ah,of,Israel,Not registered,Thermal,Pollution and human impacts,Spatio-temporal,Bioclimatic comfort,NA,NA,NA,Green areas,Near-shore terrestrial,Green Areas,Social
"Towards an integrated approach for characterization of sinkhole hazards in urban environments: the unstable coastal site of Casalabate, Lecce, Italy",journalArticle,2010,"Delle Rose, Marco; Leucci, Giovanni",casabalate,NA,Italy,Europe,Western Europe,c,ql,e,a,in,Italy,Sinkhole,Not registered,Pollution and human impacts,Spatial,Risk measurment,NA,NA,NA,Urban coastal planes,Near-shore terrestrial,Urban,Physical
"Geochemistry and carbon isotopic ratio for assessment of PM10 composition, source and seasonal trends in urban environment",journalArticle,2018,"Di Palma, A;<U+00A0>Capozzi, F;<U+00A0>Agrelli, D<U+00A0>;<U+00A0>Amalfitano, C<U+00A0>;<U+00A0>Giordano, S ;<U+00A0>Spagnuolo, V<U+00A0>;<U+00A0>Adamo, P",Naples,959470,Italy,Europe,Western Europe,c,qt,e,ah,in,Italy,Not registered,Atmospheric,Pollution and human impacts,Spatio-temporal,Pollutants,NA,NA,NA,Coastal atmosphere,Coastal atmosphere,NA,Physical
Integrated methods for analysis of deterioration of cultural heritage: the Crypt of Cattedrale di Otranto,journalArticle,2005,"Cataldo, R; De Donno, A; De Nunzio, G; Leucci, G; Nuzzo, L; Siviero, S",otranto,NA,Italy,Europe,Western Europe,c-,qt,e,ah,in,Italy,Not registered,Atmospheric,Pollution and human impacts,Temporal,Surface deterioration,NA,NA,NA,Coastal city,Near-shore terrestrial,Urban,Physical
TAMARIX ARBOREA VAR. ARBOREA AND TAMARIX PARVIFLORA: TWO SPECIES VALUED FOR THEIR ADAPTABILITY TO STRESS CONDITIONS,journalArticle,2016,"Grisafi, Francesca; Oddo, Elisabetta; Gargano, Maria Letizia; Inzerillo, Simone; Russo, Gianni & Venturella, Giuseppe",palermo,648260,Italy,Europe,Western Europe,c,qt,e,ab,in,Italy,Not registered,Not registered,Habitat use,Spatio-temporal,Plants,Italy,2016,674085,Coastal city,Near-shore terrestrial,Urban,Bio-species
"Deciphering the effects of human activity on urban areas through morphostratigraphic analysis: The case of Pisa, Northwest Italy",journalArticle,2018,"Bini, Monica<U+00A0>;<U+00A0>Pappalardo, Marta<U+00A0>;<U+00A0>Rossi, Veronica;<U+00A0>Noti, Valerio<U+00A0>;<U+00A0>Amorosi, Alessandro<U+00A0>;<U+00A0>Sarti, Giovanni",pisa,NA,Italy,Europe,Western Europe,c,qt,e,a,in,Italy,Not registered,Not registered,Pollution and human impacts,Temporal,Human activities and cultural heritage,Italy,NA,NA,Urban anthropogenic deposits,Near-shore terrestrial,Urban,Social
Regenerating with the green: a proposal for the coastal landscape of Senigallia,journalArticle,2018,"Conticelli, E<U+00A0>(Conticelli, Elisa)[<U+00A0>1<U+00A0>]<U+00A0>;<U+00A0>Tondelli, S<U+00A0>(Tondelli, Simona)[<U+00A0>1<U+00A0>]",senigallia,NA,Italy,Europe,Western Europe,c,ql,ep,h,for,Italy,Not registered,Not registered,City design,Spatial,Green infrastructure,Italy,NA,NA,Coastline,Near-shore terrestrial,Coastal region,Soc-eco-tecnological
PAH content and mutagenicity of marine sediments from the Venice lagoon,journalArticle,1996,"LaRocca, C; Conti, L; Crebelli, R; Crochi, B; Iacovella, N; Rodriguez, F; TurrioBaldassarri, L; diDomenico, A",venice,635247,Italy,Europe,Western Europe,c-,qt,e,a,in,Italy,Not registered,Marine,Pollution and human impacts,Spatial,Pollutants,Italy,NA,NA,Lagoon sediment,Intertidal,NA,Physical
Historical maps and satellite images as tools for shoreline variations and territorial changes assessment: the case study of Volturno Coastal Plain (Southern Italy),journalArticle,2018,"Alberico, I;<U+00A0>Cavuoto, G;<U+00A0>Di Fiore, V;<U+00A0>Punzo, M;<U+00A0>Tarallo, D;<U+00A0>Pelosi, N;<U+00A0>Ferraro, L;<U+00A0>Marsella, EE",volturno,NA,Italy,Europe,Western Europe,c+,qt,e,ah,in,Italy,Not registered,Not registered,Shoreline changes,Temporal,Risk measurment,Italy,NA,NA,Coastline,Near-shore terrestrial,Coastal region,Physical
"Globalization, tourism and local living conditions on Jamaica's north coast",journalArticle,2009,"Dodman, David",lucea,NA,Jamaica,America,Latin America,c,qt,se,h,for,UK,Not registered,Not registered,Human adaptation,Temporal,Human activities and cultural heritage,Jamaica,NA,NA,Coastline,Near-shore terrestrial,Coastal region,Social
Field measurement on the comfort level of acoustic environment in coastal zone,Proceedings Paper,2002,"Katayama, M",kitakyushu,997536,Japan,Asia,Rest of east Asia,c,qt,se,ah,of,Japan,Not registered,Not registered,Pollution and human impacts,Spatial,Bioclimatic comfort,Japan,2015,961286,Shore,Near-shore terrestrial,Coastal region,Social
Triple oxygen isotopes indicate urbanization affects sources of nitrate in wet and dry atmospheric deposition,journalArticle,2018,"Nelson, David M.;<U+00A0>Tsunogai, Urumu<U+00A0>;<U+00A0>Ding, Dong;<U+00A0>Ohyama, Takuya<U+00A0>;<U+00A0>Komatsu, Daisuke D.<U+00A0>;<U+00A0>Nakagawa, Fumiko<U+00A0>;<U+00A0>Noguchi, I<U+00A0>(Noguchi, Izumi<U+00A0>;<U+00A0>Yamaguchi, Takashi",okkaido,NA,Japan,Asia,Rest of east Asia,c+,qt,e,a,in,USA,Not registered,Atmospheric,Pollution and human impacts,Spatio-temporal,Pollutants,NA,NA,NA,Coastal atmosphere,Coastal atmosphere,NA,Physical
An analysis of spatial distribution in the exotic slug caterpillar Parasa lepida (Cramer) (Lepidoptera : Limacodidae) at an urban coastal site in central Japan,journalArticle,2007,"Yamazaki, Kazuo; Kitamoto, Toshio; Yariyama, Yoriko; Sugiura, Shinji",osaka,19281188,Japan,Asia,Rest of east Asia,c,qt,e,b,in,Japan,Not registered,Not registered,Habitat use,Spatial,Invertebrates,Japan,2015,2691185,Green areas,Near-shore terrestrial,Green Areas,Bio-species
Combining TerraSAR-X and Landsat Images for Emergency Response in Urban Environments,journalArticle,2018,"Havivi, Shiran;<U+00A0>Schvartzman, Ilan;<U+00A0>Maman, Shimrit;<U+00A0>Rotman, Stanley R.;<U+00A0>Blumberg, Dan G.",tohoku,NA,Japan,Asia,Rest of east Asia,c+,qt,e,a,in,Israel,Tsunami,Not registered,Human adaptation,Temporal,Risk measurment,NA,NA,NA,Coastal city,Near-shore terrestrial,Urban,Physical
Sea breeze effect mapping for mitigating summer urban warming: For making urban environmental climate map of Yokohama and its surrounding area,journalArticle,2018,"Sasaki, Yui<U+00A0>;<U+00A0>Matsuo, Kaoru;<U+00A0>Yokoyama, Makoto<U+00A0>;<U+00A0>Sasaki, Masaru;<U+00A0>Tanaka, Takahiro<U+00A0>;<U+00A0>Sadohara, Satoru",yokohama,3574443,Japan,Asia,Rest of east Asia,c,qt,e,ah,in,Japan,Not registered,Thermal,Pollution and human impacts,Spatial,Meteorological,Japan,2015,3724844,Coastal city,Near-shore terrestrial,Urban,Physical
Characterisation of particle mass and number concentration on the east coast of the Malaysian Peninsula during the northeast monsoon,journalArticle,2015,"Dominick, Doreena; Latif, Mohd Talib; Juneng, Liew; Khan, Md Firoz; Amil, Norhaniza; Mead, Mohammed Iqbal; Nadzir, Mohd Shahrul Mohd; Moi, Phang Siew; Abu Samah, Azizan; Ashfold, Matthew J.; Sturges, William T.; Harris, Neil R. P.; Robinson, Andrew D.; Pyle, John A.",bachok,NA,Malaysia,Asia,Rest of Asia,c-,qt,e,a,in,Malaysia,Monsoon,Atmospheric,Natural disaster,Spatial,Pollutants,Malaysia,NA,NA,Coastline,Near-shore terrestrial,Coastal region,Physical
Responses of avian guilds to urbanisation in a tropical city,journalArticle,2004,"Lim, H. C. & Sodhi, N. S.",syngapore,NA,Malaysia,Asia,Rest of Asia,c,qt,e,b,in,Singapore,Not registered,Not registered,Habitat use,Spatial,Birds,NA,NA,NA,Coastal city,Near-shore terrestrial,Urban,Bio-species
Contamination of outdoor settled dust by butyltins in Malta,journalArticle,2007,"Decelis, Rachel; Vella, Alfred J.",NA,NA,Malta,Europe,Western Europe,c,qt,e,a,in,Malta,Not registered,Land,Pollution and human impacts,Spatial,Pollutants,NA,NA,NA,Antropogenic construction,Near-shore terrestrial,Urban,Physical
The effects of local and landscape habitat attributes on bird diversity in urban greenspaces,journalArticle,2018,"Callaghan, Corey T.;<U+00A0>Major, Richard E.<U+00A0>;<U+00A0>Lyons, Mitchell B.<U+00A0>;<U+00A0>Martin, John M.<U+00A0>;<U+00A0>Kingsford, Richard T.",many,NA,Many,Many,World,c-,qt,se,bh,of,Australia,Not registered,Not registered,Habitat use,Spatial,Birds,NA,NA,NA,Green areas,Near-shore terrestrial,Green Areas,Bio-species
From urban climate to energy consumption. Enhancing building performance simulation by including the urban heat island effect,journalArticle,2017,"Palme, M.; Inostroza, L.; Villacreses, G.; Lobato-Cordero, Andrea; Carrasco, C.",many,NA,Many,Other,Latin America,c,qt,e,h,in,Chile,Not registered,Thermal,Human adaptation,Spatial,Meteorological,NA,NA,NA,Antropogenic construction,Near-shore terrestrial,Urban,Physical
Microscopic characterisation of black crusts on different substrates,journalArticle,2017,"Pozo-Antonio, J. S.; Pereira, M. F. C.; Rocha, C. S. A.",many,NA,Many,Other,Western Europe,c,qt,e,ah,in,Spain,Not registered,Atmospheric,Pollution and human impacts,Spatial,Surface deterioration,NA,NA,NA,Antropogenic construction,Near-shore terrestrial,Urban,Physical
Costs of Adapting Coastal Defences to Sea-Level Rise-New Estimates and Their Implications,journalArticle,2013,"Jonkman, Sebastiaan N.; Hillen, Marten M.; Nicholls, Robert J.; Kanning, Wim; van Ledden, Mathijs",many,NA,Many,Other,Earth,c+,qt,sp,a,for,The Netherlands,Flooding,Not registered,Human adaptation,Spatial,Marine structures,NA,NA,NA,Shore,Intertidal,NA,Soc-eco-tecnological
Northwest African and Middle Eastern food and dietary change of indigenous peoples,Proceedings Paper,2003,"Kuhnlein, H. V.; Johns, T. & Peoples, I. U. N. S. Task Force Indigenous",many,NA,Many,Other,Middle East and North Africa,c+,ql,sp,h,of,USA,Not registered,Not registered,Human adaptation,Spatial,Human activities and cultural heritage,NA,NA,NA,Coastal region,Near-shore terrestrial,Urban,Social
Quantifying the influence of urban land use on mangrove biology and ecology: A meta-analysis,Review,2017,"Branoff, Benjamin L.",many,NA,Many,World,World,c-,qt,e,bh,in,USA,Not registered,Marine,Habitat use,Spatial,Ecosystem,NA,NA,NA,Coastal vegetation,Intertidal,NA,Bio-ecosystem
"Coastal geomorphological change monitoring by remote sensing techniques in Nouakchott, Mauritania",Proceedings Paper,2003,"Wu, WC; Courel, MF; Le Rhun, J",nouakchott,NA,Mauritania,Africa,Sub-Saharan Africa,c,qt,e,a,in,France,Not registered,Not registered,Shoreline changes,Spatio-temporal,Geomorphological,Mauritania,2013,958399,Shore,Intertidal,NA,Physical
"Coastline evolution monitoring and estimation - a case study in the region of Nouakchott, Mauritania",journalArticle,2007,"Wu, W.",nouakchott,NA,Mauritania,Africa,Sub-Saharan Africa,c,qt,e,a,in,France,Not registered,Not registered,Shoreline changes,Spatio-temporal,Geomorphological,Mauritania,2013,958399,Shore,Intertidal,NA,Physical
Small island urban tourism: a residents' perspective,journalArticle,2010,"Nunkoo, Robin; Ramkissoon, Haywantee",port louis,NA,Mauritius,Africa,Sub-Saharan Africa,c,ql,se,h,of,Mauritius,Not registered,Not registered,Human adaptation,Spatio-temporal,Perceptions,Mauritius,2017,148147,Urban island,Near-shore terrestrial,Urban,Social
A comparative study on biodeterioration and weathering effects in three sites of the Latin American cultural heritage,Proceedings Paper,2003,"Videla, HA; Herrera, LK",merida,NA,Mexico,America,Latin America,c,qt,e,a,in,Argentina,Not registered,Not registered,Pollution and human impacts,Spatial,Surface deterioration,NA,NA,NA,Coastal region,Near-shore terrestrial,Urban,Physical
"Source apportionment of air pollutants in the Greater Auckland Region of New Zealand using receptor models and elemental levels in the lichen, Parmotrema reticulatum",journalArticle,2017,"Boamponsem, Louis K.; de Freitas, C. R.; Williams, David",auckland,1556875,New Zealand,Australia,Rest of the world,c,qt,e,bh,in,New Zealand,Not registered,Atmospheric,Pollution and human impacts,Spatial,Lichens,New Zealand,2017,1657200,Coastal atmosphere,Coastal atmosphere,NA,Bio-species
Benzene and toluene in New Zealand air,journalArticle,1996,"Clarkson, TS; Martin, RJ; Rudolph, J; Graham, BWL",wellington,411346,New Zealand,Australia,Rest of the world,c+,qt,e,a,in,New Zealand,Not registered,Atmospheric,Pollution and human impacts,Spatio-temporal,Pollutants,New Zealand,2017,212700,Coastal atmosphere,Coastal atmosphere,NA,Physical
Preserving coastal natural character: Court interpretations of a long-standing New Zealand policy goal,journalArticle,2015,"Froude, Victoria Ann",NA,NA,New Zealand,Australia,Rest of the world,c+,ql,sp,ah,for,New Zealand,Not registered,Not registered,City design,Temporal,Environmental management,NA,NA,NA,Coastal city,Near-shore terrestrial,Urban,Bio-ecosystem
Contaminants in urban runoff to Norwegian fjords,journalArticle,2010,"Jartun, Morten; Pettersen, Arne",bergen,NA,Norway,Europe,Western Europe,c-,qt,e,a,in,Norway,Not registered,Marine,Pollution and human impacts,Spatial,Pollutants,Norway,2012,265857,Urban watershed,Intertidal,NA,Physical
Coupled modeling of storm surge and coastal inundation: A case study in New York City during Hurricane Sandy,journalArticle,2016,"Yin, Jie; Lin, Ning; Yu, Dapeng",new york,NA,USA,Other,Other,Other,qt,e,a,in,China,Flooding,Not registered,Natural disaster,Spatial,Seawater,USA,NA,NA,Shore,Intertidal,NA,Physical
"Characterisation of CIME, an experimental chamber for simulating interactions between materials of the cultural heritage and the environment",journalArticle,2015,"Chabas, A.; Fouqueau, A.; Attoui, M.; Alfaro, S. C.; Petitmangin, A.; Bouilloux, A.; Saheb, M.; Coman, A.; Lombardo, T.; Grand, N.; Zapf, P.; Berardo, R.; Duranton, M.; Durand-Jolibois, R.; Jerome, M.; Pangui, E.; Correia, J. J.; Guillot, I.; Nowak, S.",other,NA,Other,Other,Other,c+,qt,se,a,in,France,Not registered,Atmospheric,Pollution and human impacts,Temporal experiment,Human activities and cultural heritage,NA,NA,NA,Antropogenic construction,Near-shore terrestrial,Urban,Social
Is it time for urban ecology to include the marine realm?,journalArticle,2006,"Bulleri, Fabio",other,NA,Other,Other,Letter,c,ql,se,bh,of,Italy,Not registered,Not registered,Pollution and human impacts,Spatial,Ecological processes & patterns,NA,NA,NA,None,Near-shore terrestrial,Urban,Bio-ecosystem
What the Deep Sea Can Tell Us about Microwaves,conferencePaper,2016,"Williams, Catrin F.; Lloyd, David; Lees, Jonathan; Pirog, Antoine; Geroni, Gilles M.; Pastre, Jordan; Kriegel, Valentin; Porch, Adrian",other,NA,Other,Other,Other,Other,qt,e,ab,in,UK,Not registered,Marine,Pollution and human impacts,Spatial,Bacteria,NA,NA,NA,Organisms,Coastal pelagic,NA,Bio-species
Evaluation of urban environment pollution based on the accumulation of macro- and trace elements in epiphytic lichens,journalArticle,2016,"Parzych, Agnieszka; Astel, Aleksander; Zdunczyk, Anna; Surowiec, Tomasz",slupsk,NA,Poland,Europe,Eastern Europe,c,qt,e,ab,in,Poland,Not registered,Atmospheric,Pollution and human impacts,Spatial,Lichens,Poland,2016,90968,Coastal city,Near-shore terrestrial,Urban,Bio-species
Carbonaceous aerosol in urban and rural European atmospheres: estimation of secondary organic carbon concentrations,Proceedings Paper,1999,"Castro, LM; Pio, CA; Harrison, RM; Smith, DJT",aveiro,54162,Portugal,Europe,Western Europe,c,qt,e,a,in,Portugal,Not registered,Atmospheric,Pollution and human impacts,Spatio-temporal,Aerosol,NA,NA,NA,Coastal atmosphere,Coastal atmosphere,NA,Physical
The urban heat island in a small city in coastal Portugal,journalArticle,2000,"Pinho, OS; Orgaz, MDM",aveiro,54162,Portugal,Europe,Western Europe,c-,qt,e,a,in,Portugal,Not registered,Thermal,Pollution and human impacts,Spatial,Meteorological,Portugal,NA,NA,Coastal city,Near-shore terrestrial,Urban,Physical
The influence of the summer sea breeze on thermal comfort in Funchal (Madeira). A contribution to tourism and urban planning,journalArticle,2011,"Lopes, Antonio; Lopes, Sergio; Matzarakis, Andreas; Alcoforado, Maria Joao",funchal,100847,Portugal,Europe,Western Europe,c,qt,ep,ah,for,Portugal,Not registered,Thermal,Human adaptation,Spatio-temporal,Bioclimatic comfort,Portugal,2011,111541,Shore,Near-shore terrestrial,Coastal region,Social
Application of climatic guidelines to urban planning The example of Lisbon (Portugal),journalArticle,2009,"Alcoforado, Maria-Joao; Andrade, Henrique; Lopes, Antonio; Vasconcelos, Joao",lisbon,2927316,Portugal,Europe,Western Europe,c,m,ep,ah,for,Portugal,Not registered,Not registered,City design,Spatial,Bioclimatic comfort,Portugal,NA,NA,Coastal city,Near-shore terrestrial,Urban,Social
Testing the Contribution of worldView-2 Improved Spectral Resolution for Extracting Vegetation Cover in Urban Environments,journalArticle,2015,"Santos, Teresa; Freire, Sergio",lisbon,2927316,Portugal,Europe,Western Europe,c,m,ep,bh,for,Portugal,Not registered,Not registered,Habitat use,Spatial,Remote sensing,NA,NA,NA,Green areas,Near-shore terrestrial,Green Areas,Physical
Urban vs. extra-urban environments: Scales of variation of intertidal benthic assemblages in north Portugal,journalArticle,2014,"Oliveira, J. P.; Sousa-Pinto, I.; Weber, G. M.; Bertocci, I.",porto,1306934,Portugal,Europe,Western Europe,c+,qt,e,b,in,Portugal,Not registered,Not registered,Shoreline changes,Spatial,Invertebrates,Portugal,2016,214349,Benthos,Coastal benthic,NA,Bio-species
"Brain cholinesterase reactivation as a marker of exposure to anticholinesterase pesticides: a case study in a population of yellow-legged gull Larus michahellis (Naumann, 1840) along the northern coast of Portugal",journalArticle,2016,"Santos, Catia S. A.; Monteiro, Marta S.; Soares, Amadeu M. V. M.; Loureiro, Susana",porto,1306934,Portugal,Europe,Western Europe,c-,qt,e,ab,in,Portugal,Not registered,Land,Pollution and human impacts,Spatial,Birds,Portugal,2016,214349,Coastal city,Near-shore terrestrial,Urban,Bio-species
Nowhere safe? Exploring the influence of urbanization across mainland and insular seashores in continental Portugal and the Azorean Archipelago,journalArticle,2017,"Bertocci, Iacopo; Arenas, Francisco; Cacabelos, Eva; Martins, Gustavo M.; Seabra, Maria I.; Alvaro, Nuno V.; Fernandes, Joana N.; Gaiao, Raquel; Mamede, Nuno; Mulas, Martina; Neto, Ana I.",review,NA,Portugal,Europe,Western Europe,c+,qt,e,bh,in,Portugal,Not registered,Not registered,Shoreline changes,Spatial,Algae,Portugal,NA,NA,Benthos,Coastal benthic,NA,Bio-species
"Integration of drainage, water quality and flood management in rural, urban and lowland areas",journalArticle,2007,"Vlotman, Willem F.; Wong, Tony & Schultz, Bart",review,NA,Review,Other,Review,c+,ql,ep,ah,for,Australia,Flooding,Not registered,Human adaptation,Spatial,Water resource,NA,NA,NA,Coastal peri-urban,Near-shore terrestrial,Urban,Physical
Urban flood mitigation: sustainable options,Proceedings Paper,2010,"Serre, D.; Barroca, B. & Diab, Y.",review,NA,Review,Other,Review,c,ql,sp,ah,of,France,Flooding,Not registered,Human adaptation,Spatio-temporal,Risk measurment,NA,NA,NA,Coastal city,Near-shore terrestrial,Urban,Physical
The effect of climate change in the future development of tourism: a theoretical approach,Proceedings Paper,2010,"Galanos, G.",review,NA,Review,Other,Review,c+,ql,se,ah,of,Greece,Not registered,Not registered,Human adaptation,Temporal,Human activities and cultural heritage,NA,NA,NA,Coastline,Near-shore terrestrial,Coastal region,Social
Blue carbon in human-dominated estuarine and shallow coastal systems,journalArticle,2016,"Kuwae, Tomohiro; Kanda, Jota; Kubo, Atsushi; Nakajima, Fumiyuki; Ogawa, Hiroshi; Sohma, Akio; Suzumura, Masahiro",review,NA,Review,Other,Review,c-,ql,e,a,in,Japan,Not registered,Atmospheric,Pollution and human impacts,Spatial,Pollutants,NA,NA,NA,Estuaries,Intertidal,NA,Physical
Coastal Cities and Environmental Change,journalArticle,2014,"Mosley, Stephen",review,NA,Review,Other,Earth,c,ql,ep,ah,of,UK,Not registered,Not registered,Human adaptation,Spatio-temporal,Environmental management,NA,NA,NA,Shore,Near-shore terrestrial,Urban,Bio-ecosystem
Gulls in urban environments: landscape-level management to reduce conflict,journalArticle,1997,"Belant, JL",review,NA,Review,Other,Review,c+,ql,se,bh,of,USA,Not registered,Biological,Human adaptation,Spatial,Birds,NA,NA,NA,Coastal city,Near-shore terrestrial,Urban,Bio-species
Unhealthy landscapes: Policy recommendations on land use change and infectious disease emergence,journalArticle,2004,"Patz, JA; Daszak, P; Tabor, GM; Aguirre, AA; Pearl, M; Epstein, J; Wolfe, ND; Kilpatrick, AM; Foufopoulos, J; Molyneux, D; Bradley, DJ; Dis, Working Grp Land Use Change",review,NA,Review,Other,Review,c+,ql,se,h,for,USA,Not registered,Not registered,Habitat use,Spatial,Public health,NA,NA,NA,Modified environment,Near-shore terrestrial,Urban,Social
The Road Ahead: The Sustainability Transition and Coastal Research,journalArticle,2009,"Weinstein, Michael P.",review,NA,Review,Other,Earth,c+,ql,se,ah,of,USA,Not registered,Not registered,Human adaptation,Spatial,Sustainable cities,NA,NA,NA,Coastline,Near-shore terrestrial,Coastal region,Soc-eco-tecnological
Nitrogen-cycling process rates across urban ecosystems,Review,2016,"Reisinger, Alexander J.; Groffman, Peter M. & Rosi-Marshall, Emma J.",review,NA,Review,Other,Review,c+,qt,e,ah,in,USA,Not registered,Marine,Pollution and human impacts,Spatial,Pollutants,NA,NA,NA,Urban watershed,Intertidal,NA,Physical
MECHANISMS OF CADMIUM TOXICITY TO VARIOUS TROPHIC SALTWATER ORGANISMS,Book Chapter,2016,"Wang, Zaosheng; Yen, Changzhou; Kong, Hainan; Wu, Deyi",review,NA,Review,Other,Review,c+,qt,e,ab,in,USA,Not registered,Marine,Pollution and human impacts,Spatial,Pollutants,NA,NA,NA,Organisms,Coastal pelagic,NA,Physical
Climate change impacts and human settlements in Africa: Prospects for adaptation,journalArticle,2000,"Magadza, CHD",review,NA,Review,Other,Sub-Saharan Africa,c+,ql,se,ah,of,Zimbabwe,More than one,Not registered,Human adaptation,Spatio-temporal,Human activities and cultural heritage,NA,NA,NA,Coastline,Near-shore terrestrial,Coastal region,Social
Radiocarbon in Vegetation of coastal Zone of Finnish Bay (Russia),Proceedings Paper,2011,"Kulkova, Marianna; Chadov, Fedor; Davidochkina, Alena",st petersboug,5383068,Russia,Europe,Russia,c+,qt,e,ab,in,Russia,Not registered,Marine,Pollution and human impacts,Spatial,Pollutants,Russia,NA,NA,Shore,Near-shore terrestrial,Beach,Physical
Insights and Opportunities Offered by a Rapid Ecosystem Service Assessment in Promoting a Conservation Agenda in an Urban Biodiversity Hotspot,journalArticle,2012,"O'Farrell, Patrick J.; Anderson, Pippin M. L.; Le Maitre, David C.; Holmes, Patricia M.",cape town,4430367,South Africa,Africa,Sub-Saharan Africa,c,qt,ep,ah,for,South Africa,Flooding,Not registered,Human adaptation,Spatial,Environmental management,South Africa,2011,433688,Green areas,Near-shore terrestrial,Green Areas,Bio-ecosystem
Merging Socioeconomic Imperatives with Geospatial Data: A Non-Negotiable for Coastal Risk Management in South Africa,journalArticle,2015,"Colenbrander, Darryl R.; Sowman, Merle R.",cape town,4430367,South Africa,Africa,Sub-Saharan Africa,c+,ql,ep,ah,for,The Netherlands,Not registered,Not registered,Human adaptation,Spatial,Risk measurment,South Africa,2011,433688,Risky areas in coastal cities,Near-shore terrestrial,Urban,Physical
"Plastic ingestion by estuarine mullet Mugil cephalus (Mugilidae) in an urban harbour, KwaZulu-Natal, South Africa",journalArticle,2016,"Naidoo, T.; Smit, A. J.; Glassom, D.",kwazulu-natal,NA,South Africa,Africa,Sub-Saharan Africa,c-,qt,e,ab,in,South Africa,Not registered,Marine,Pollution and human impacts,Spatial,Fishes,South Africa,NA,NA,Marine anthropogenic constructions,Intertidal,NA,Bio-species
Vertical and horizontal variability of PM10 source contributions in Barcelona during SAPUSS,journalArticle,2016,"Brines, Mariola; Dall'Osto, Manuel; Amato, Fulvio; Cruz Minguillon, Maria; Karanasiou, Angeliki; Alastuey, Andres; Querol, Xavier",barcelona,5494125,Spain,Europe,Western Europe,c,qt,e,a,in,Spain,Not registered,Atmospheric,Pollution and human impacts,Spatial,Pollutants,Spain,2016,1614777,Coastal atmosphere,Coastal atmosphere,NA,Physical
"Assesment of PM10 pollution episodes in a ceramic cluster (NE Spain): Proposal of a new quality index for PM10, As, Cd, Ni and Pb",journalArticle,2012,"Vicente, A. B.; Sanfeliu, T.; Jordan, M. M.",castellon,NA,Spain,Europe,Western Europe,c-,qt,e,a,in,Spain,Not registered,Atmospheric,Pollution and human impacts,Spatial,Pollutants,Spain,NA,NA,Coastal atmosphere,Coastal atmosphere,NA,Physical
"Comparison of the exotic and native ant communities (Hymenoptera: Formicidae) in urban green areas at inland, coastal and insular sites in Spain",journalArticle,2014,"Reyes-Lopez, Joaqun & Carpintero, Soledad",many,NA,Spain,Europe,Western Europe,c+,ql,e,b,in,Spain,Not registered,Not registered,Habitat use,Spatial,Invertebrates,Spain,NA,NA,Green areas,Near-shore terrestrial,Green Areas,Bio-species
SIGNS OF GENTRIFICATION USING ARTIFICIAL INTELLIGENCE: identification through the Dwelling Census,journalArticle,2018,"Abarca-Alvarez, Francisco Javier;<U+00A0> Campos-Sanchez, Francisco Sergio<U+00A0>;<U+00A0>Reinoso-Bellido, Rafael",many,NA,Spain,Europe,Western Europe,c+,qt,s,h,of,Spain,Not registered,Not registered,Demographic change,Temporal,Demographic,NA,NA,NA,Coastline,Near-shore terrestrial,Coastal region,Social
"Regional evaluation of particulate matter composition in an Atlantic coastal area (Cantabria region, northern Spain): Spatial variations in different urban and rural environments",journalArticle,2011,"Arruti, A.; Fernandez-Olmo, I.; Irabien, A.",santander,NA,Spain,Europe,Western Europe,c,qt,e,a,in,Spain,Not registered,Atmospheric,Pollution and human impacts,Spatial,Pollutants,Spain,2016,172303,Coastal atmosphere,Coastal atmosphere,NA,Physical
Tourism Planning in Sub-regional Destinations: Heterogeneity of the Tourist Experience on the Andalusian Coastal Municipalities,journalArticle,2010,"Manuel Lopez-Bonilla, Jesus; Miguel Lopez-Bonilla, Luis",sevilla,703206,Spain,Europe,Western Europe,c+,qt,se,ah,of,Spain,Not registered,Not registered,Human adaptation,Spatio-temporal,Land structures,Spain,2016,690000,Coastline,Near-shore terrestrial,Coastal region,Physical
Larval Development of Aedes aegypti and Aedes albopictus in Peri-Urban Brackish Water and Its Implications for Transmission of Arboviral Diseases,journalArticle,2011,"Ramasamy, Ranjan; Surendran, Sinnathamby N.; Jude, Pavilupillai J.; Dharshini, Sangaralingam; Vinobaba, Muthuladchumy",batticaloa,NA,Sri Lanka,Asia,Rest of Asia,c-,qt,e,b,in,Brunei Durassalam,Not registered,Biological,Habitat use,Spatial,Invertebrates,NA,NA,NA,Urban watershed,Intertidal,NA,Bio-species
"The influence of urban design on outdoor thermal comfort in the hot, humid city of Colombo, Sri Lanka",journalArticle,2006,"Johansson, Erik & Emmanuel, Rohinton",colombo,NA,Sri Lanka,Asia,Rest of Asia,c+,qt,se,ah,of,Sweden,Not registered,Thermal,Human adaptation,Spatial,Bioclimatic comfort,Brazil,2010,203203,Coastal city,Near-shore terrestrial,Urban,Social
"The impacts of climate change and urbanisation on drainage in Helsingborg, Sweden: Combined sewer system",journalArticle,2008,"Semadeni-Davies, Annette; Hernebring, Claes; Svensson, Gilbert; Gustafsson, Lars-Goeran",helsingborg,NA,Sweden,Europe,Western Europe,c,qt,ep,ah,for,New Zealand,Stormwater,Marine,Human adaptation,Temporal,Water resource,Sweden,2007,124187.5,Urban watershed,Intertidal,NA,Physical
Assessing urban flooding vulnerability with an emergy approach,journalArticle,2015,"Chang, Li-Fang; Huang, Shu-Li",review,NA,Taiwan,Asia,China,c,qt,se,ah,of,Taiwan,Flooding,Not registered,Human adaptation,Temporal,Risk measurment,NA,NA,NA,Coastal city,Near-shore terrestrial,Urban,Physical
Application of coastal vegetation to green roofs of residential buildings in Taiwan,journalArticle,2015,"Chen, Yu-Chi; Pei, Lian; Shiau, Yan-Chyuan",review,NA,Taiwan,Asia,China,c+,ql,se,bh,of,Taiwan,Not registered,Not registered,Human adaptation,Spatial,Green infrastructure,NA,NA,NA,Antropogenic construction,Near-shore terrestrial,Urban,Soc-eco-tecnological
"The application of a high-density street-level air temperature observation network (HiSAN): Dynamic variation characteristics of urban heat island in Tainan, Taiwan",journalArticle,2018,"Chen, Yu-Cheng;<U+00A0>Yao, Chun-Kuei<U+00A0>;<U+00A0>Honjo, Tsuyoshi<U+00A0>;<U+00A0>Lin, Tzu-Ping",tainan,NA,Taiwan,Asia,Rest of east Asia,c,qt,e,a,in,Taiwan,Not registered,Thermal,Pollution and human impacts,Temporal,Meteorological,NA,NA,NA,Coastal city,Near-shore terrestrial,Urban,Physical
"Assessment of human thermal perception in the hot-humid climate of Dar es Salaam, Tanzania",journalArticle,2017,"Ndetto, Emmanuel L. & Matzarakis, Andreas",dar es salaam,6047600,Tanzania,Africa,Sub-Saharan Africa,c-,qt,se,ah,of,Germany,Not registered,Thermal,Pollution and human impacts,Spatio-temporal,Bioclimatic comfort,United Republic of Tanzania,2012,4364541,Coastal city,Near-shore terrestrial,Urban,Social
Diurnal and intra-urban particle concentrations in relation to windspeed and stability during the dry season in three African cities,journalArticle,2009,"Eliasson, I.; Jonsson, P.; Holmer, B.",dar es salaam,6047600,Tanzania,Africa,Sub-Saharan Africa,c,qt,e,a,in,Sweden,Not registered,Atmospheric,Pollution and human impacts,Spatio-temporal,Pollutants,United Republic of Tanzania,2012,4364541,Coastal city,Near-shore terrestrial,Urban,Physical
Groundwater-derived nutrient inputs to the Upper Gulf of Thailand,journalArticle,2007,"Burnett, William C.; Wattayakorn, Gullaya; Taniguchi, Makoto; Dulaiova, Henrieta; Sojisuporn, Pramot; Rungsupa, Sompop & Ishitobi, Tomotoshi",bangkok,10156316,Thailand,Asia,Rest of Asia,c,qt,se,ah,of,USA,Not registered,Marine,Pollution and human impacts,Spatio-temporal,Pollutants,Thailand,NA,NA,Urban watershed,Intertidal,NA,Physical
The Rotterdam approach: connecting water with opportunities,Book Chapter,2012,"Jacobs, J. C. J.",rotterdam,1007780,The Netherlands,Europe,Western Europe,c,ql,ep,ab,for,The Netherlands,Not registered,Not registered,Human adaptation,Temporal,Water resource,The Netherlands,2015,623652,Urban watershed,Intertidal,NA,Physical
Interactive Simulation and Visualisation of Realistic Flooding Scenarios,Proceedings Paper,2013,"Kehl, Christian & de Haan, Gerwin",NA,NA,The Netherlands,Europe,Western Europe,c+,m,se,ah,for,The Netherlands,Flooding,Not registered,Natural disaster,Spatio-temporal,Risk measurment,NA,NA,NA,Coastal city,Near-shore terrestrial,Urban,Physical
A Comparative Analysis of Cruise Ports on the Mediterranean: The Case of Istanbul,Proceedings Paper,2009,"Kerestecioglu, Funda; Basdogan, Serhat",istanbul,14750771,Turkey,Asia,Middle East and North Africa,c,ql,se,ah,of,Turkey,Not registered,Not registered,Human adaptation,Spatio-temporal,Marine structures,Turkey,NA,NA,Coastline,Near-shore terrestrial,Coastal region,Soc-eco-tecnological
"An assessment of site suitability for marina construction in Istanbul, Turkey, using GIS and AHP multicriteria decision analysis",journalArticle,2016,"Gumusay, Mustafa Umit; Koseoglu, Gokalp; Bakirman, Tolga",istanbul,14750771,Turkey,Asia,Middle East and North Africa,c-,qt,sp,ah,for,Turkey,Tsunami,Not registered,Human adaptation,Spatial,Marine structures,Turkey,NA,NA,Marine anthropogenic constructions,Intertidal,NA,Soc-eco-tecnological
DETECTING COASTAL URBANIZATION AND LAND USE CHANGE IN SOUTHERN TURKEY,journalArticle,2016,"Alphan, Hakan; Guvensoy, Laden",mersin,NA,Turkey,Asia,Middle East and North Africa,c+,qt,se,ah,of,Turkey,Not registered,Not registered,Pollution and human impacts,Spatio-temporal,Remote sensing,Turkey,NA,NA,Coastal city,Near-shore terrestrial,Urban,Physical
Observations of organic and inorganic chlorinated compounds and their contribution to chlorine radical concentrations in an urban environment in northern Europe during the wintertime,journalArticle,2018,"Priestley, Michael; le Breton, Michael; Bannan, Thomas J.; Worrall, Stephen D.; Bacak, Asan; Smedley, Andrew R. D.; Reyes-Villegas, Ernesto; Mehra, Archit; Allan, James; Webb, Ann R.; Shallcross, Dudley E.; Coe, Hugh; Percival, Carl J.",manchester,2690445,UK,Europe,Western Europe,c,qt,e,a,in,UK,Not registered,Atmospheric,Pollution and human impacts,Temporal,Pollutants,UK,2011,510746,Coastal atmosphere,Coastal atmosphere,NA,Physical
An Animal Geography of Avian Foraging Competition on the Sussex Coast of England,journalArticle,2010,"Campbell, Michael",sussex,NA,UK,Europe,Western Europe,c,qt,se,b,in,Canada,Not registered,Not registered,Habitat use,Spatial,Birds,UK,NA,NA,Coastal town,Near-shore terrestrial,Rural,Bio-species
Fine-scale flight strategies of gulls in urban airflows indicate risk and reward in city living,journalArticle,2016,"Shepard, Emily L. C.; Williamson, Cara; Windsor, Shane P.",swansea city,308805,UK,Europe,Western Europe,c,qt,ep,bh,for,UK,Not registered,Not registered,Pollution and human impacts,Spatial,Birds,UK,NA,NA,Coastal atmosphere,Coastal atmosphere,NA,Bio-species
Drill-cored rock pools: an effective method of ecological enhancement on artificial structures,journalArticle,2016,"Evans, Ally J.; Firth, Louise B.; Hawkins, Stephen J.; Morris, Elisabeth S.; Goudge, Harry; Moore, Pippa J.",tywyn,NA,UK,Europe,Western Europe,c-,qt,e,ab,in,UK,Not registered,Not registered,Habitat use,Spatial,Marine structures,NA,NA,NA,Shore,Intertidal,Beach,Soc-eco-tecnological
Feelings of Restoration from recent nature visits,journalArticle,2013,"White, Mathew P.; Pahl, Sabine; Ashbullby, Katherine; Herbert, Stephen; Depledge, Michael H.",NA,NA,UK,Europe,Western Europe,c+,qt,se,ah,of,UK,Not registered,Not registered,Human adaptation,Spatial,Perceptions,NA,NA,NA,Coastal city,Near-shore terrestrial,Urban,Social
INFLUENCE OF SUBURBAN HABITAT ON A WINTERING BIRD COMMUNITY IN COASTAL NORTHERN CALIFORNIA,journalArticle,2010,"Kalinowski, Ryan S.; Johnson, Matthew D.",arcata,NA,USA,America,USA,c,qt,e,b,in,USA,Not registered,Not registered,Habitat use,Spatio-temporal,Birds,NA,NA,NA,Coastal Suburbs,Near-shore terrestrial,Urban,Bio-species
"Movement and activity patterns of eastern coyotes in a coastal, suburban environment",journalArticle,2004,"Way, JG; Ortega, IM; Strauss, EG",boston,694784,USA,America,USA,c-,qt,e,b,in,USA,Not registered,Not registered,Habitat use,Spatio-temporal,Mammals,NA,NA,NA,Coastal Suburbs,Near-shore terrestrial,Urban,Bio-species
"What Lies Beneath Science, Nature, and the Making of Boston Harbor",journalArticle,2009,"Rawson, Michael",boston,694784,USA,America,USA,c-,o,se,ah,of,USA,Not registered,Not registered,Human adaptation,Spatio-temporal,Marine structures,USA,NA,NA,Coastal city,Near-shore terrestrial,Urban,Soc-eco-tecnological
"Coastal flooding, climate change and environmental justice: identifying obstacles and incentives for adaptation in two metropolitan Boston Massachusetts communities",journalArticle,2012,"Douglas, Ellen M.; Kirshen, Paul H.; Paolisso, Michael; Watson, Chris; Wiggin, Jack; Enrici, Ashley; Ruth, Matthias",boston,694784,USA,America,USA,c-,ql,se,ah,of,USA,Flooding,Not registered,Human adaptation,Spatio-temporal,Risk measurment,USA,NA,NA,Coastal region,Near-shore terrestrial,Urban,Physical
Relationship Between Epibenthic Invertebrate Species Assemblages and Environmental Variables in Boston Harbor's Intertidal Habitat,journalArticle,2016,"Eddy, Elizabeth N.; Roman, Charles T.",boston,694784,USA,America,USA,c-,qt,e,b,in,USA,Not registered,Not registered,Habitat use,Spatial,Invertebrates,NA,NA,NA,Benthos,Coastal benthic,NA,Bio-species
Integration of Lidar Data into a Coupled Mesoscale-Land Surface Model: A Theoretical Assessment of Sensitivity of Urban-Coastal Mesoscale Circulations to Urban Canopy Parameters,journalArticle,2012,"Carter, Michael; Shepherd, J. Marshall; Burian, Steve; Jeyachandran, Indu",houston,2359480,USA,America,USA,c,qt,e,a,in,USA,Not registered,Atmospheric,Pollution and human impacts,Spatial,Remote sensing,NA,NA,NA,Coastal atmosphere,Coastal atmosphere,NA,Physical
"Assessment of Beach Access Paths on Dune Vegetation: Diversity, Abundance, and Cover",journalArticle,2015,"Purvis, Kelly Grant; Gramling, Joel M.; Murren, Courtney J.",isle of palms,NA,USA,America,USA,c-,qt,e,a,in,USA,Not registered,Not registered,Shoreline changes,Spatial,Plants,USA,NA,NA,Coastal vegetation,Near-shore terrestrial,Dunes,Bio-species
Ecosystem indicators for Southeast Florida beaches,journalArticle,2014,"Marshall, Frank E.; Banks, Kenneth; Cook, Geoffrey S.",jacksonville,920984,USA,America,USA,c+,ql,se,ah,of,USA,Not registered,Not registered,Shoreline changes,Spatial,Perceptions,USA,NA,NA,Shore,Near-shore terrestrial,Beach,Social
Evaluating wetlands within an urban context,Proceedings Paper,2000,"Ehrenfeld, JG",jersey city,265004,USA,America,USA,c+,ql,e,a,in,USA,Not registered,Not registered,Habitat use,Spatial,Ecosystem,NA,NA,NA,Wetlands,Intertidal,NA,Bio-ecosystem
On the Environmental Sustainability of Building Integrated Solar Technologies in a Coastal City,Proceedings Paper,2013,"Lebassi, B.; Gonzalez, J. E.; Bornstein, R. D.",long beach,466203,USA,America,USA,c+,qt,se,ah,of,USA,Not registered,Not registered,Human adaptation,Temporal,Land structures,NA,NA,NA,Coastal city,Near-shore terrestrial,Urban,Physical
HUMAN EXPOSURE TO CHLOROFORM IN A COASTAL URBAN-ENVIRONMENT,journalArticle,1979,"BARCELONA, MJ",los angeles,4057841,USA,America,USA,c,qt,se,a,in,USA,Not registered,Atmospheric,Pollution and human impacts,Temporal,Pollutants,NA,NA,NA,Coastal city,Near-shore terrestrial,Urban,Physical
A computationally efficient hybrid approach for dynamic gas/aerosol transfer in air quality models,journalArticle,2000,"Capaldo, KP; Pilinis, C; Pandis, SN",los angeles,4057841,USA,America,USA,c+,qt,e,b,in,USA,Not registered,Atmospheric,Pollution and human impacts,Spatial,Aerosol,NA,NA,NA,Coastal atmosphere,Coastal atmosphere,NA,Physical
"Multitiered approach using quantitative PCR to track sources of fecal pollution affecting Santa Monica Bay, California",journalArticle,2005,"Noble, R. T.; Griffith, J. F.; Blackwood, A. D.; Fuhrman, J. A.; Gregory, J. B.; Hernandez, X.; Liang, X. L.; Bera, A. A. & Schiff, K.",los angeles,4057841,USA,America,USA,c-,qt,e,b,in,USA,Not registered,Marine,Pollution and human impacts,Spatio-temporal,Pollutants,NA,NA,NA,Urban watershed,Intertidal,NA,Physical
Watershed-based sources of polycyclic aromatic hydrocarbons in urban storm water,journalArticle,2006,"Stein, ED; Tiefenthaler, LL; Schiff, K",los angeles,4057841,USA,America,USA,c,qt,e,a,in,USA,Not registered,Marine,Pollution and human impacts,Spatio-temporal,Pollutants,NA,NA,NA,Urban watershed,Intertidal,NA,Physical
"Increases in the climate change adaption effectiveness and availability of vegetation across a coastal to desert climate gradient inmetropolitan Los Angeles, CA, USA",journalArticle,2016,"Tayyebi, Amin; Jenerette, G. Darrel",los angeles,4057841,USA,America,USA,c,qt,e,ab,in,USA,Not registered,Marine,Habitat use,Spatial,Remote sensing,NA,NA,NA,Coastal city,Near-shore terrestrial,Urban,Physical
"Quantifying Feeding Behavior of Ribbed Mussels (Geukensia demissa) in Two Urban Sites (Long Island Sound, USA) with Different Seston Characteristics",journalArticle,2013,"Galimany, Eve; Rose, Julie M.; Dixon, Mark S.; Wikfors, Gary H.",milford,NA,USA,America,USA,c-,qt,e,b,in,USA,Not registered,Not registered,Habitat use,Spatial,Invertebrates,NA,NA,NA,Saltmarch,Intertidal,NA,Bio-species
"Effects of Hurricane Katrina on the urban resident landbirds of New Orleans, Louisiana",journalArticle,2008,"Yaukey, Peter H.",new orleans,396766,USA,America,USA,c,qt,e,ab,in,USA,Hurricane,Not registered,Natural disaster,Spatial,Birds,USA,NA,NA,Risky areas in coastal cities,Near-shore terrestrial,Urban,Bio-species
"The Hinge Areas for Urban Regeneration in Seaside Cities: the High Line in Manhattan, NYC",Proceedings Paper,2014,"Di Girasole, Eleonora Giovene",new york,8601186,USA,America,USA,c-,ql,se,ah,of,Italy,Not registered,Not registered,Human adaptation,Spatial,Green infrastructure,NA,NA,NA,Coastal city,Near-shore terrestrial,Urban,Soc-eco-tecnological
FORAGING ECOLOGY OF FOUR GULL SPECIES AT A COASTAL-URBAN INTERFACE,journalArticle,2013,"Washburn, Brian E.; Bernhardt, Glen E.; Kutschbach-Brohl, Lisa; Chipman, Richard B.; Francoeur, Laura C.",new york,8601186,USA,America,USA,c-,qt,e,b,in,USA,Not registered,Not registered,Habitat use,Spatial,Birds,NA,NA,NA,Coastal city,Near-shore terrestrial,Urban,Bio-species
Impacts of Aerosol Particle Size Distribution and Land Cover Land Use on Precipitation in a Coastal Urban Environment Using a Cloud-Resolving Mesoscale Model,journalArticle,2014,"Hosannah, Nathan; Gonzalez, Jorge E.",new york,8601186,USA,America,USA,c,qt,e,a,in,USA,Not registered,Atmospheric,Habitat use,Spatial,Aerosol,NA,NA,NA,Coastal atmosphere,Coastal atmosphere,NA,Physical
Thermal Structure of a Coastal Urban Boundary Layer,journalArticle,2018,"Melecio-Vazquez, David<U+00A0>;<U+00A0>Ramamurthy, Prathap;<U+00A0>Arend, Mark;<U+00A0>Gonzalez-Cruz,  Jorge E",new york,8601186,USA,America,USA,c,qt,e,a,in,USA,Not registered,Thermal,Pollution and human impacts,Spatio-temporal,Meteorological,NA,NA,NA,Coastal city,Near-shore terrestrial,Urban,Physical
A Parcel-Scale Coastal Flood Forecasting Prototype for a Southern California Urbanized Embayment,journalArticle,2013,"Gallien, Timu W.; Barnard, Patrick L.; van Ormondt, Maarten; Foxgrover, Amy C. & Sanders, Brett F.",newport beach,NA,USA,America,USA,c,m,se,a,of,USA,Flooding,Not registered,Natural disaster,Temporal,Risk measurment,NA,NA,NA,Coastline,Near-shore terrestrial,Coastal region,Physical
Genetic characteristics of coastal cutthroat trout inhabiting an urban watershed,journalArticle,2018,"Bohling, Justin H.<U+00A0>;<U+00A0>Whitesel, Timothy A.<U+00A0>;Brown, Melissa",portland,667589,USA,America,USA,c,qt,e,b,in,USA,Not registered,Not registered,Habitat use,Spatial,Fishes,NA,NA,NA,Urban watershed,Intertidal,NA,Bio-species
An urban stream can support a healthy population of coastal cutthroat trout,journalArticle,2018,"Silver, Brook P.<U+00A0>;<U+00A0>Hudson, J. Michael<U+00A0>;<U+00A0>Smith, Christian T.<U+00A0>;<U+00A0>Lujan, Kenneth<U+00A0>;<U+00A0>Brown, Melissa<U+00A0>; Whitesel, Timothy A.",portland,667589,USA,America,USA,c-,qt,e,b,in,USA,Not registered,Not registered,Habitat use,Spatial,Fishes,NA,NA,NA,Urban watershed,Intertidal,NA,Bio-species
The public health planners' perfect storm: Hurricane Matthew and Zika virus,Editorial Material,2017,"Ahmed, Qanta A.; Memish, Ziad A.",review,NA,USA,America,USA,c+,ql,e,ah,in,USA,Hurricane,Not registered,Natural disaster,Spatial,Public health,NA,NA,NA,Coastline,Near-shore terrestrial,Coastal region,Social
Abundance and survival rates of green turtles in an urban environment: coexistence of humans and an endangered species,journalArticle,2010,"Eguchi, Tomoharu; Seminoff, Jeffrey A.; LeRoux, Robin A.; Dutton, Peter H.; Dutton, Donna L.",san diego,1453775,USA,America,USA,c-,qt,e,b,in,USA,Not registered,Not registered,Habitat use,Spatial,Mammals,NA,NA,NA,Shore,Intertidal,Beach,Bio-species
Maintenance of MHC Class IIB diversity in a recently established songbird population,journalArticle,2012,"Whittaker, Danielle J.; Dapper, Amy L.; Peterson, Mark P.; Atwell, Jonathan W.; Ketterson, Ellen D.",san diego,1453775,USA,America,USA,c-,qt,e,b,in,USA,Not registered,Not registered,Habitat use,Spatial,Birds,NA,NA,NA,Coastal city,Near-shore terrestrial,Urban,Bio-species
Conservation Investment for Rare Plants in Urban Environments,journalArticle,2013,"Schwartz, Mark W.; Smith, Lacy M.; Steel, Zachary L.",san francisco,897536,USA,America,USA,c-,qt,ep,bh,for,USA,Not registered,Not registered,Habitat use,Spatial,Plants,Venezuela (Bolivarian Republic of),2015,106763,Coastal city,Near-shore terrestrial,Urban,Bio-species
Assessing the Role of Parameter and Input Uncertainty in Ecohydrologic Modeling: Implications for a Semi-arid and Urbanizing Coastal California Catchment,journalArticle,2012,"Shields, Catherine A. & Tague, Christina L.",santa barbara,NA,USA,America,USA,c-,qt,e,a,in,USA,Not registered,Not registered,Human adaptation,Spatio-temporal,Water resource,USA,NA,NA,Urban watershed,Intertidal,NA,Physical
Perceptions of Caucasian users about avian resources and beach Restoration following hurricane Sandy,journalArticle,2017,"Burger, Joanna; Tsipoura, Nellie; Simnor, April; Pittfield, Taryn; Jeitner, Christian; Mizrahi, David; Niles, Larry; Ferguson, Lisa",stone harbor,NA,USA,America,USA,c,qt,se,bh,of,USA,Hurricane,Not registered,Human adaptation,Temporal,Perceptions,NA,NA,NA,Shore,Near-shore terrestrial,Beach,Social
"Disasters, migrations, and the unintended consequences of urbanization: What's the harm in getting out of harm's way?",journalArticle,2016,"Wolsko, Christopher; Marino, Elizabeth",shishmaref,NA,USA,America,USA,c,ql,se,ah,of,USA,Flooding,Not registered,Human adaptation,Spatio-temporal,Demographic,NA,NA,NA,Coastal city-town,Near-shore terrestrial,Urban,Social
"Urbanization-related distribution patterns and habitat-use by the marine mesopredator, giant Pacific octopus (Enteroctopus dofleini)",journalArticle,2018,"Heery, Eliza C.;<U+00A0>Olsen, Amy Y.;<U+00A0>Feist, Blake E.;<U+00A0>Sebens, Kenneth P.",washington,NA,USA,America,USA,c-,qt,e,bh,in,USA,Not registered,Not registered,Habitat use,Spatial,Invertebrates,NA,NA,NA,Benthos,Coastal benthic,NA,Bio-species
Social and economic impacts of climate change on the urban environment,Review,2011,"Gasper, Rebecca; Blohm, Andrew; Ruth, Matthias",NA,NA,USA,America,USA,c+,qt,se,ah,of,USA,Not registered,Not registered,Human adaptation,Temporal,Risk measurment,NA,NA,NA,Coastal city,Near-shore terrestrial,Urban,Physical
"CURRENT DISTRIBUTION, HABITAT USE, AND BREEDING RECORDS OF THE HOUSE SPARROW (PASSER DOMESTICUS) IN VENEZUELA",journalArticle,2016,"Sainz-Borgo, Cristina; Giner, Sandra; Gonzalez-Carcacia, Jose A.; Caula, Sabina; Escola Bracho, Fidel; Carlos Fernandez-Ordonez, Juan; Hernandez, Cheyla; Hernandez, Marieta; Marin-Espinoza, Gedio; Torres, Lermith; Rodriguez-Ferraro, Adriana",falcon,NA,Venezuela,America,Latin America,c+,qt,e,b,in,Venezuela,Not registered,Not registered,Habitat use,Spatial,Birds,NA,NA,NA,Coastline,Near-shore terrestrial,Urban,Bio-species
A scenario-based approach to assess Ho Chi Minh City's urban development strategies against the impact of climate change,journalArticle,2011,"Storch, Harry; Downes, Nigel K.",ho chi minh city,1219352,Vietnam,Asia,Middle East and North Africa,c,m,ep,ah,for,Germany,Not registered,Not registered,Human adaptation,Spatio-temporal,Risk measurment,NA,NA,NA,Urban watershed,Intertidal,NA,Physical
Recently-adopted foraging strategies constrain early chick development in a coastal breeding gull,journalArticle,2019,"Sotillo, Alejandro;Baert, Jan M.;Muller, Wendt;Stienen, Eric W. M.;Soares, Amadeu M. V. M.;Lens, Luc",Bruges,NA,Belgium,Europe,Western Europe,c-,qt,e,bh,in,Belgium,Not registered,Not registered,Habitat use,Spatio-temporal,Birds,NA,NA,NA,Coastal city,Near-shore terrestrial,Urban,Bio-species
Performance evaluation of WRF for extreme flood forecasts in a coastal urban environment,journalArticle,2019,"Pratiman, Patel; Subimal, Ghosha; Akshara, Kaginalkar; Sahidul, Islam; Subhankar Karmakara",Mumbai,NA,India,Asia,NA,c,qt,e,ah,in,India,Flooding,Not registered,Pollution and human impacts,Spatio-temporal,Risk measurment,NA,NA,NA,NA,Near-shore terrestrial,Coastal region,Physical
Interdisciplinary Design of Vital Infrastructure to Reduce Flood Risk in Tokyo's Edogawa Ward,journalArticle,2019,"Krishnan, Supriya;Lin, Jiabiao;Simanjuntak, Johannes;Hooimeijer, Fransje;Bricker, Jeremy;Daniel, Maayan;Yoshida, Yuka",Tokyo,NA,Japan,Asia,Rest of Asia,c,qt,ep,ah,for,The Netherlands,Flooding,Not registered,Human adaptation,Spatial,Risk measurment,NA,NA,NA,Coastal city,Near-shore terrestrial,Urban,Physical
Modeling of techno-economic assessment on wind energy potential at three selected coastal regions in Lebanon,journalArticle,2019,"Kassem, Youssef;Gokcekus, Huseyin;Zeitoun, Mahmoud",NA,NA,Lebanon,Asia,Middle East and North Africa,c,qt,e,ah,in,Cyprus,Not registered,Not registered,Human adaptation,Spatial,Meteorological,NA,NA,NA,Coastal city,Near-shore terrestrial,Urban,Physical
Geomorphology of the Anthropocene in Mediterranean urban areas,journalArticle,2019,"Brandolini, Pierluigi;Cappadonia, Chiara;Luberti, Gian Marco;Donadio, Carlo;Stamatopoulos, Leonidas;Di Maggio, Cipriano;Faccini, Francesco;Stanislao, Corrado;Vergari, Francesca;Paliaga, Guido;Agnesi, Valerio;Alevizos, Georgios;Del Monte, Maurizio",NA,NA,NA,Europe,Eastern Europe,c,ql,se,ah,for,Italy,Many,Not registered,City design,Spatio-temporal,Geomorphological,NA,NA,NA,Coastal region,Near-shore terrestrial,Urban,Physical
"A multi-taxa functional diversity assessment of the effects of eco-estate development in the mixed land-use mosaic of the KwaZulu-Natal North Coast, South Africa",journalArticle,2019,"Alexander, Jarryd;Smith, David A. Ehlers;Smith, Yvette C. Ehlers;Downs, Colleen T.",KwaZulu-Natal,NA,South Africa,Africa,NA,c+,qt,e,abh,in,South Africa,Not registered,Not registered,Habitat use,Spatial,Diversity,NA,NA,NA,eco-state,Near-shore terrestrial,Rural,Bio-ecosystem
The relationship between indoor and outdoor levels of PM10 and its chemical composition at schools in a coastal region in Spain,journalArticle,2019,"Pallares, Susana;Gomez, EvaTrinidad;Martinez, Africa; Miguel Jordan, Manuel",Castellon,NA,Spain,Europe,Western Europe,c+,qt,e,ah,in,Spain,Not registered,Atmospheric,Pollution and human impacts,Spatial,Pollutants,NA,NA,NA,Coastal region,Near-shore terrestrial,Coastal atmospheric,Physical
"Urbanization alters belowground invertebrate community structure in semi-arid regions: A comparison of lawns, biofilters and sage scrub",journalArticle,2019,"Ge, Baoming;Mehring, Andrew S.;Levin, Lisa A.",San Diego,NA,USA,America,USA,c-,qt,e,abh,in,China,Not registered,Not registered,Habitat use,Spatial,Invertebrates,NA,NA,NA,Coastal city,Near-shore terrestrial,Urban,Bio-species
"Relationship between infiltration, sewer rehabilitation, and groundwater flooding in coastal urban areas",journalArticle,2019,"Su, Xin;Liu, T;Beheshti, Maryam;Prigiobbe, Valentina",Hoboken,NA,USA,America,USA,c,m,e,ah,in,USA,Flooding,Not registered,Pollution and human impacts,Spatial,Risk measurment,NA,NA,NA,Coastal city,Near-shore terrestrial,urban,Physical
Urban groundwater dissolved silica concentrations are elevated due to vertical composition of historic land-filling,journalArticle,2019,Timothy J. Maguire,Boston,NA,USA,America,USA,c-,qt,e,ah,in,USA,Not registered,Not registered,Pollution and human impacts,Spatio-temporal,Water resource,NA,NA,NA,Coastal city,Near-shore terrestrial,Urban,Physical
Differential patterns of nitrogen and delta N-15 in soil and foliar along two urbanized rivers in a subtropical coastal city of southern China,journalArticle,2019,"Mgelwa, Abubakari Said; Hu, Ya-Lin; Liu, Jin-Fu; Qiu, Qingyan; Liu, Zheng; Ngaba, Mbezele Junior Yannick",Fuzhou,7000000,China,Asia,NA,c,qt,e,ab,in,China,Not registered,Aquatic,Pollution and human impacts,Spatial,Pollutants,NA,NA,NA,Coastal city,Near-shore terrestrial,Urban,Physical
On the assessment of alternatives for building cooling load reductions for a tropical coastal city,journalArticle,2019,"okhrel, Rabindra; Ramirez-Beltran, Nazario D.; Gonzalez, Jorge E.",San Juan,2000000,Puerto Rico,America,America,c+,qt,ep,ah,for,USA,Not registered,Thermal,Human adaptation,Spatio-temporal,Land structures,NA,NA,NA,Coastal city,Near-shore terrestrial,Urban,Physical
Range expansion of an already widespread bee under climate change,journalArticle,2019,"Dew, Rebecca M.; Silva, Daniel Paiva; Rehan, Sandra M.",NA,NA,Australia,NA,NA,c+,qt,e,ab,in,USA,Climate change,Not registered,Habitat use,Spatio-temporal,Invertebrates,NA,NA,NA,NA,Near-shore terrestrial,Coastal region,Bio-species
Envisioning infrastructure to reduce disaster's impact to cities during the climate change area being,Book Serie,2019,"Juchimiuk, J.; Januszkiewicz, K.",NA,NA,NA,NA,NA,c,qt,se,ah,for,Poland,Climate change,Not registered,Human adaptation,Spatio-temporal,Land structures,NA,NA,NA,Coastal city,Near-shore terrestrial,Coastal city,Physical
Urban impacts across realms: Making the case for inter-realm monitoring and management,journalArticle,2019,"Bugnot, Ana B.; Hose, Grant C.; Walsh, Christopher J.; Floerl, Oliver; French, Kristine; Dafforn, Katherine A.; Hanford, Jayne; Lowe, Elizabeth C.; Hahs, Amy K",NA,NA,Review,NA,NA,c+,ql,e,abh,in,Australia,Not registered,many,Pollution and human impacts,Spatio-temporal,Land structures,NA,NA,NA,Coastal region,Near-shore terrestrial,NA,Physical
Occurrence and distribution of trace levels of antibiotics in surface waters and soils driven by non-point source pollution and anthropogenic pressure,journalArticle,2019,"Yi, Xinzhu;Lin, Chenghui;Ong, Eugene Jie Li;Wang, Mian;Zhou, Zhi",Singapore,NA,Singapore,Asia,NA,c+,qt,e,ah,in,China,Not registered,Land,Pollution and human impacts,Spatial,Antibiotics,NA,NA,NA,Coastal city,Near-shore terrestrial,NA,Bio-species
Assessing and mapping regional coastal vulnerability for port environments and coastal cities,journalArticle,2019,"Kantamaneni, Komali et al",Southampton,249500,UK,Europe,Western Europe,c-,qt,e,ah,in,UK,Many,Not registered,City design,Spatial,Risk measurment,NA,NA,NA,Coastal city,Near-shore terrestrial,Urban,Physical
Using meteorological normalisation to detect interventions in air quality time series,journalArticle,2019,"Grange, Stuart K.; Carslaw, David C.",London,NA,UK,Europe,Western Europe,c,qt,e,a,in,UK,Not registered,Atmospheric,Pollution and human impacts,Spatial,Pollutants,NA,NA,NA,Coastal atmosphere,Near-shore terrestrial,Coastal region,Physical
Development of a waterfront regeneration tool to support local decision making in the context of integrated coastal zone management,journalArticle,2019,"Papatheochari, Theodora; Coccossis, Harry",NA,NA,Greece,Europe,NA,c-,ql,ep,h,for,Greece,Not registered,Not registered,City design,Spatio-temporal,Marine structures,NA,NA,NA,Shore,Intertidal,NA,Soc-eco-tecnological
Nutrient export and elemental stoichiometry in an urban tropical river,journalArticle,2019,"McDowell, William H et al",NA,NA,Puerto Rico,NA,NA,c+,qt,e,a,in,USA,Not registered,Aquatic,Pollution and human impacts,Spatial,Pollutants,NA,NA,NA,Urban watershed,Near-shore terrestrial,Coastal region,Physical
Urban Waterscapes: The Hydro-Politics of Flooding in a Sinking City,journalArticle,2019,"Goh, Kian",Yakarta,NA,Indonesia,NA,NA,c+,qt,sp,ah,for,USA,Flooding,Not registered,City design,Spatio-temporal,Risk measurment,NA,NA,NA,Urban watershed,Near-shore terrestrial,NA,Physical
Drivers of fine-scale avian functional diversity with changing land use: an assessment of the effects of eco-estate housing development and management,journalArticle,2019,"Alexander, Jarryd; Smith, David A. Ehlers; Smith, Yvette C. Ehlers; et al.",KwaZulu-Natal,NA,South Africa,NA,NA,c-,qt,e,ab,in,South Africa,Not registered,Not registered,Habitat use,Spatial,Birds,NA,NA,NA,eco-state,Near-shore terrestrial,NA,Bio-species
THE PRINCIPLES OF THE ORGANIZATION OF PUBLIC RECREATIONAL AREAS IN THE CITY WATERFRONT TERRITORIES,journalArticle,2019,"Saveliev, Matvei V.; Kiseleva, Daria A.; Bondar, Nikolay V.; et al.",NA,NA,NA,NA,NA,c-,qt,ep,h,for,Russia,Not registered,Not registered,City design,Spatial,Marine structures,NA,NA,NA,Shore,Intertidal,NA,Soc-eco-tecnological
From Multi-Risk Evaluation to Resilience Planning: The Case of Central Chilean Coastal Cities,journalArticle,2019,"Barria, Pilar; Luisa Cruzat, Maria; Cienfuegos, Rodrigo; et al.",NA,NA,Chile,NA,NA,c-,qt,e,ah,in,Chile,Many,Not registered,Human adaptation,Spatial,Risk measurment,NA,NA,NA,Coastal city,Near-shore terrestrial,NA,Physical
"Austropuccinia psidii on the move: survey based insights to its geographical distribution, host species, impacts and management in Australia",journalArticle,2019,"Winzer, Laura Fernandez; Berthon, Katherine A.; Carnegie, Angus J.; et al.",NA,NA,Australia,NA,NA,c+,qt,e,bh,in,Australia,Not registered,Not registered,Habitat use,Spatial,Plants,NA,NA,NA,Coastal region,Near-shore terrestrial,NA,Bio-species
Contesting the coast: Ecosystems as infrastructure in the Mississippi River Delta,journalArticle,2019,"Lewis, Joshua A.; Ernstson, Henrik",New Orleans,396766,USA,NA,NA,c-,qt,ep,ah,for,Sweden,Flooding,Not registered,Human adaptation,Spatio-temporal,Geomorphological,NA,NA,NA,Coastal city,Intertidal,NA,Physical
Urban expansion in Shenzhen since 1970s: A retrospect of change from a village to a megacity from the space,journalArticle,2019,"Yu, Wenjuan; Zhang, Yujia; Zhou, Weiqi; et al.",Shenzhen,NA,China,NA,NA,c,qt,e,abh,in,China,Not registered,Not registered,Habitat use,Temporal,Remote sensing,NA,NA,NA,Coastal city,Near-shore terrestrial,NA,Physical
"Reduced reproductive success of the endangered tree brazilwood (Paubrasilia echinata, Leguminosae) in urban ecosystem compared to Atlantic forest remnant: lessons for tropical urban ecology",journalArticle,2019,"Oliveira, Willams; Souza e Silva, Jessica Luiza; Pontes de Oliveira, Marcela Tomaz; et al.",Recife,NA,Brazil,NA,NA,c-,qt,e,b,in,Brazil,Not registered,Not registered,Habitat use,Spatial,Plants,NA,NA,NA,Coastal region,Near-shore terrestrial,NA,Bio-species
Evaluating the Emergent Controls of Stream Water Quality with Similitude and Dimensionless Numbers,journalArticle,2019,"Abdul-Aziz, Omar I.; Ahmed, Shakil",Miami,NA,USA,NA,NA,c-,qt,e,a,in,USA,Not registered,Aquatic,Pollution and human impacts,Spatial,Water resource,NA,NA,NA,Urban watershed,Near-shore terrestrial,NA,Physical
"Urban heritage walks in a rapidly changing city: tensions between preservation and development on the Gold Coast, Australia",journalArticle,2019,"Cantillon, Zelmarie",Gold Coast,NA,Australia,NA,NA,c-,ql,sp,h,for,Australia,Not registered,Not registered,City design,Spatio-temporal,Perceptions,NA,NA,NA,Shore,Near-shore terrestrial,NA,Social
On the Climate Variability and Energy Demands for Indoor Human Comfort Levels in a Tropical-Coastal Urban Environment,journalArticle,2019,"Pokhrel, Rabindra; Ortiz, Luis Enrique; Ramirez-Beltran, Nazario D.; et al.",San Juan,NA,Puerto Rico,NA,NA,c-,qt,e,a,in,USA,Not registered,Not registered,Human adaptation,Spatial,Meteorological,NA,NA,NA,Coastal city,Near-shore terrestrial,NA,Physical
An ultra-spatially resolved method to quali-quantitative monitor particulate matter in urban environment,journalArticle,2019,"Baldacchini, Chiara; Sgrigna, Gregorio; Clarke, Woody; et al.",Naples,NA,Italy,NA,NA,c-,qt,e,ab,in,Italy,Not registered,Atmospheric,Pollution and human impacts,Spatial,Pollutants,NA,NA,NA,Urban natural area,Near-shore terrestrial,NA,Physical
Cat Gets Its Tern: A Case Study of Predation on a Threatened CoastalSeabird,journalArticle,2019,"Greenwell, Claire N.; Calver, Michael C.; Loneragan, Neil R.",Mandurah,NA,Australia,NA,NA,c-,qt,e,b,in,Australia,Not registered,Not registered,Pollution and human impacts,Spatial,Birds,NA,NA,NA,Shore,Intertidal,NA,Bio-species
Associations between microplastic pollution and land use in urban wetland sediments,journalArticle,2019,"Townsend, Kallie R.; Lu, Hsuan-Cheng; Sharley, David J.; et al.",Melbourne,NA,Australia,NA,NA,c,qt,e,a,in,Australia,Not registered,Aquatic,Pollution and human impacts,Spatial,Pollutants,NA,NA,NA,Wetlands,Near-shore terrestrial,NA,Physical
Effectiveness of early warning and community cooperation for evacuation preparedness from mega-risk type coastal hazard in childcare centers,journalArticle,2019,"Abel Titi KonnoPinheiro,  AkihikoHokugo",Kesennuma,NA,Japan,NA,NA,c-,ql,se,h,for,Japan,Tsunami,Not registered,City design,Spatial,Risk measurment,NA,NA,NA,Coastal city,Near-shore terrestrial,NA,Physical
Flood risk assessment and increased resilience for coastal urban watersheds under the combined impact of storm tide and heavy rainfall,journalArticle,2019,"Shen, Yawen; Morsy, Mohamed M.; Huxley, Chris; et al.",Norfolk,NA,USA,NA,NA,c-,qt,e,ah,in,USA,Flooding,Not registered,Pollution and human impacts,Spatio-temporal,Risk measurment,NA,NA,NA,Urban watershed,Near-shore terrestrial,NA,Physical
Evaluating UAV-based techniques to census anurban-nesting gull population on Canadas Pacific coast,journalArticle,2019,"Louise K. Blight, Douglas F. Bertram, and Edward Kroc",Victoria,NA,Canada,NA,NA,c-,qt,e,bh,in,Canada,Not registered,Not registered,Habitat use,Spatio-temporal,Birds,NA,NA,NA,Coastal region,Near-shore terrestrial,NA,Bio-species
